N,Verteilung_X,Parameter,Avg_Skewness,Avg_Kurtosis,Bias_OLS,Bias_ICA,RMSE_OLS,RMSE_ICA
100,gamma,"{'shape': 1.0, 'scale': 1.0}",0.8889,1.7228,0.493,0.0008,0.501,0.6395
100,gamma,"{'shape': 5.0, 'scale': 1.0}",0.6611,0.5017,0.1453,0.2002,0.1508,1.813
100,exponential,{'scale': 1.0},0.8889,1.7228,0.493,-0.2681,0.501,1.9013
100,beta,"{'a': 0.5, 'b': 0.5}",0.0064,-0.0406,1.0539,-0.1567,1.0546,0.5417
100,f,"{'dfnum': 5, 'dfden': 2}",6.2871,46.4079,0.0061,-0.0065,0.0157,0.0504
100,chisquare,{'df': 1},1.5187,3.82,0.3193,-0.0198,0.3311,0.1896
100,laplace,{'scale': 1.0},0.0679,0.9832,0.3157,0.0191,0.3217,1.1941
100,weibull,{'a': 0.5},3.8286,20.0035,0.0558,-0.0019,0.0716,0.0513
200,gamma,"{'shape': 1.0, 'scale': 1.0}",0.9107,1.9909,0.4854,-0.0706,0.4894,0.2896
200,gamma,"{'shape': 5.0, 'scale': 1.0}",0.7076,0.7529,0.143,-0.001,0.1458,0.266
200,exponential,{'scale': 1.0},0.9107,1.9909,0.4854,-0.0657,0.4894,0.2889
200,beta,"{'a': 0.5, 'b': 0.5}",0.004,-0.0276,1.044,-0.1292,1.0445,0.5489
200,f,"{'dfnum': 5, 'dfden': 2}",9.3968,103.3113,0.0019,-0.0005,0.0043,0.0037
200,chisquare,{'df': 1},1.7972,6.1382,0.311,0.0082,0.3214,0.1144
200,laplace,{'scale': 1.0},0.009,1.2931,0.3082,-0.0048,0.3121,0.1353
200,weibull,{'a': 0.5},4.4401,29.2756,0.0447,-0.0038,0.052,0.0256
400,gamma,"{'shape': 1.0, 'scale': 1.0}",0.9256,1.9837,0.4867,-0.0277,0.4896,0.2146
400,gamma,"{'shape': 5.0, 'scale': 1.0}",0.7108,0.7569,0.1415,-0.0139,0.143,0.2386
400,exponential,{'scale': 1.0},0.9256,1.9837,0.4867,-0.0117,0.4896,0.1845
400,beta,"{'a': 0.5, 'b': 0.5}",-0.0026,-0.0737,1.0419,-0.0295,1.042,0.2344
400,f,"{'dfnum': 5, 'dfden': 2}",12.7523,197.2803,0.0015,-0.0001,0.0035,0.0024
400,chisquare,{'df': 1},1.8044,6.1908,0.3054,0.0019,0.3084,0.0606
400,laplace,{'scale': 1.0},0.0171,1.3879,0.3037,-0.0159,0.3054,0.0889
400,weibull,{'a': 0.5},4.7178,33.7847,0.0458,0.0021,0.0505,0.0162
800,gamma,"{'shape': 1.0, 'scale': 1.0}",0.9577,2.1832,0.4872,0.0036,0.4885,0.1075
800,gamma,"{'shape': 5.0, 'scale': 1.0}",0.7606,1.0065,0.1426,-0.0108,0.1433,0.1707
800,exponential,{'scale': 1.0},0.9577,2.1832,0.4872,-0.0397,0.4885,0.3967
800,beta,"{'a': 0.5, 'b': 0.5}",-0.0022,-0.0454,1.048,-0.005,1.0481,0.2663
800,f,"{'dfnum': 5, 'dfden': 2}",17.2962,371.4263,0.0009,0.0002,0.0021,0.0033
800,chisquare,{'df': 1},1.8221,6.3742,0.309,-0.0307,0.3111,0.2229
800,laplace,{'scale': 1.0},0.0199,1.6237,0.3007,-0.0011,0.3016,0.0493
800,weibull,{'a': 0.5},5.3535,46.344,0.0416,0.0033,0.044,0.0261
1000,gamma,"{'shape': 1.0, 'scale': 1.0}",0.9329,2.0865,0.4916,0.0005,0.4923,0.1006
1000,gamma,"{'shape': 5.0, 'scale': 1.0}",0.7157,0.8234,0.1401,-0.0303,0.1408,0.1495
1000,exponential,{'scale': 1.0},0.9329,2.0865,0.4916,0.0012,0.4923,0.0757
1000,beta,"{'a': 0.5, 'b': 0.5}",0.0086,-0.0371,1.0443,-0.0211,1.0444,0.1337
1000,f,"{'dfnum': 5, 'dfden': 2}",20.2159,500.8867,0.0007,0.0001,0.0015,0.0009
1000,chisquare,{'df': 1},1.8977,7.1826,0.3028,0.0057,0.3042,0.0555
1000,laplace,{'scale': 1.0},0.0154,1.6601,0.3032,0.0075,0.3039,0.0576
1000,weibull,{'a': 0.5},5.4954,50.4807,0.0422,0.0022,0.0437,0.0208
2000,gamma,"{'shape': 1.0, 'scale': 1.0}",0.9406,2.1477,0.4904,-0.0018,0.4909,0.059
2000,gamma,"{'shape': 5.0, 'scale': 1.0}",0.7504,0.9594,0.1417,-0.001,0.142,0.1138
2000,exponential,{'scale': 1.0},0.9406,2.1477,0.4904,-0.0014,0.4909,0.0601
2000,beta,"{'a': 0.5, 'b': 0.5}",0.0047,-0.0461,1.0468,-0.0167,1.0468,0.0922
2000,f,"{'dfnum': 5, 'dfden': 2}",28.3209,993.3165,0.0004,0.0001,0.0007,0.0004
2000,chisquare,{'df': 1},1.832,6.5598,0.3063,0.001,0.3071,0.0273
2000,laplace,{'scale': 1.0},0.0128,1.6495,0.3054,-0.0079,0.3057,0.1291
2000,weibull,{'a': 0.5},5.7057,57.0344,0.0412,-0.0008,0.0423,0.0338
3000,gamma,"{'shape': 1.0, 'scale': 1.0}",0.9413,2.1554,0.4877,-0.0124,0.488,0.0485
3000,gamma,"{'shape': 5.0, 'scale': 1.0}",0.7454,0.9571,0.1442,0.0055,0.1444,0.0797
3000,exponential,{'scale': 1.0},0.9413,2.1554,0.4877,-0.0061,0.488,0.0703
3000,beta,"{'a': 0.5, 'b': 0.5}",-0.0014,-0.0458,1.0463,-0.0006,1.0463,0.0666
3000,f,"{'dfnum': 5, 'dfden': 2}",33.2822,1371.4395,0.0002,0.0,0.0004,0.0003
3000,chisquare,{'df': 1},1.8671,6.9457,0.304,-0.008,0.3044,0.1424
3000,laplace,{'scale': 1.0},0.0017,1.6466,0.3024,-0.0037,0.3027,0.0281
3000,weibull,{'a': 0.5},5.96,64.2468,0.0386,-0.0038,0.0393,0.0262
4000,gamma,"{'shape': 1.0, 'scale': 1.0}",0.9604,2.2839,0.4867,0.0012,0.4869,0.0645
4000,gamma,"{'shape': 5.0, 'scale': 1.0}",0.7449,0.9527,0.1426,-0.0234,0.1427,0.1227
4000,exponential,{'scale': 1.0},0.9604,2.2839,0.4867,0.0007,0.4869,0.0628
4000,beta,"{'a': 0.5, 'b': 0.5}",0.0064,-0.0414,1.0464,0.0193,1.0464,0.2349
4000,f,"{'dfnum': 5, 'dfden': 2}",39.6755,1940.6612,0.0001,0.0,0.0003,0.0002
4000,chisquare,{'df': 1},1.8455,6.6715,0.3057,0.0011,0.3062,0.0175
4000,laplace,{'scale': 1.0},0.0041,1.714,0.3041,0.0024,0.3043,0.0466
4000,weibull,{'a': 0.5},6.2357,73.6633,0.0386,-0.0032,0.0391,0.029
5000,gamma,"{'shape': 1.0, 'scale': 1.0}",0.9421,2.1745,0.488,-0.0068,0.4882,0.0384
5000,gamma,"{'shape': 5.0, 'scale': 1.0}",0.7487,0.9583,0.1428,-0.0151,0.1429,0.0831
5000,exponential,{'scale': 1.0},0.9421,2.1745,0.488,-0.0065,0.4882,0.0388
5000,beta,"{'a': 0.5, 'b': 0.5}",-0.0061,-0.0338,1.0459,-0.0011,1.0459,0.054
5000,f,"{'dfnum': 5, 'dfden': 2}",47.3317,2707.1585,0.0001,-0.0002,0.0002,0.0018
5000,chisquare,{'df': 1},1.8749,7.0715,0.3044,0.0012,0.3047,0.0142
5000,laplace,{'scale': 1.0},-0.0162,1.7846,0.3034,-0.0118,0.3035,0.1439
5000,weibull,{'a': 0.5},6.1279,70.4224,0.0388,-0.0007,0.0391,0.0041
6000,gamma,"{'shape': 1.0, 'scale': 1.0}",0.9513,2.2262,0.4882,0.0013,0.4885,0.0324
6000,gamma,"{'shape': 5.0, 'scale': 1.0}",0.7495,0.9587,0.142,-0.0061,0.1421,0.0482
6000,exponential,{'scale': 1.0},0.9513,2.2262,0.4882,0.0011,0.4885,0.0324
6000,beta,"{'a': 0.5, 'b': 0.5}",-0.003,-0.0504,1.045,0.0029,1.045,0.0547
6000,f,"{'dfnum': 5, 'dfden': 2}",48.7743,2992.7219,0.0001,0.0,0.0002,0.0002
6000,chisquare,{'df': 1},1.8818,7.1126,0.3019,-0.0451,0.3021,0.2846
6000,laplace,{'scale': 1.0},0.0019,1.7261,0.303,-0.0021,0.3031,0.0212
6000,weibull,{'a': 0.5},6.178,71.8798,0.0391,0.0,0.0395,0.0038
7000,gamma,"{'shape': 1.0, 'scale': 1.0}",0.9402,2.1827,0.4894,-0.0531,0.4896,0.4811
7000,gamma,"{'shape': 5.0, 'scale': 1.0}",0.7479,0.9535,0.1405,-0.0032,0.1406,0.0576
7000,exponential,{'scale': 1.0},0.9402,2.1827,0.4894,0.0018,0.4896,0.0609
7000,beta,"{'a': 0.5, 'b': 0.5}",0.001,-0.0386,1.0452,0.0007,1.0452,0.0454
7000,f,"{'dfnum': 5, 'dfden': 2}",51.4919,3279.7742,0.0001,-0.0001,0.0001,0.0007
7000,chisquare,{'df': 1},1.8468,6.6716,0.3027,0.0023,0.3029,0.0451
7000,laplace,{'scale': 1.0},0.0001,1.7054,0.303,0.0022,0.3031,0.0185
7000,weibull,{'a': 0.5},6.1487,73.1394,0.0393,-0.001,0.0396,0.0307
8000,gamma,"{'shape': 1.0, 'scale': 1.0}",0.952,2.2252,0.4878,0.0027,0.4879,0.0267
8000,gamma,"{'shape': 5.0, 'scale': 1.0}",0.749,0.9413,0.1418,0.0027,0.1418,0.0405
8000,exponential,{'scale': 1.0},0.952,2.2252,0.4878,0.0024,0.4879,0.0272
8000,beta,"{'a': 0.5, 'b': 0.5}",-0.0037,-0.0429,1.0463,0.0019,1.0463,0.0969
8000,f,"{'dfnum': 5, 'dfden': 2}",52.4743,3449.515,0.0001,0.0,0.0002,0.0004
8000,chisquare,{'df': 1},1.8642,6.803,0.3024,-0.001,0.3027,0.0138
8000,laplace,{'scale': 1.0},0.0087,1.7178,0.3034,0.0062,0.3035,0.0469
8000,weibull,{'a': 0.5},6.0869,70.4901,0.0391,-0.0024,0.0393,0.0251
9000,gamma,"{'shape': 1.0, 'scale': 1.0}",0.9544,2.2237,0.487,-0.0314,0.4871,0.3468
9000,gamma,"{'shape': 5.0, 'scale': 1.0}",0.7472,0.9458,0.1412,-0.0108,0.1413,0.0491
9000,exponential,{'scale': 1.0},0.9544,2.2237,0.487,0.0034,0.4871,0.0264
9000,beta,"{'a': 0.5, 'b': 0.5}",0.0003,-0.0416,1.0459,-0.0055,1.0459,0.0434
9000,f,"{'dfnum': 5, 'dfden': 2}",58.5668,4304.5064,0.0001,0.0,0.0002,0.0001
9000,chisquare,{'df': 1},1.8597,6.7783,0.3033,-0.0006,0.3034,0.0115
9000,laplace,{'scale': 1.0},0.0023,1.7189,0.302,0.0019,0.3021,0.0158
9000,weibull,{'a': 0.5},6.1912,74.2459,0.0391,0.0022,0.0393,0.0197
10000,gamma,"{'shape': 1.0, 'scale': 1.0}",0.9524,2.2517,0.4879,-0.0214,0.488,0.3396
10000,gamma,"{'shape': 5.0, 'scale': 1.0}",0.7416,0.9204,0.1412,-0.004,0.1413,0.0481
10000,exponential,{'scale': 1.0},0.9524,2.2517,0.4879,0.0012,0.488,0.0226
10000,beta,"{'a': 0.5, 'b': 0.5}",0.0024,-0.0391,1.0458,0.0018,1.0458,0.0374
10000,f,"{'dfnum': 5, 'dfden': 2}",65.1357,5174.1733,0.0001,0.0,0.0001,0.0012
10000,chisquare,{'df': 1},1.8492,6.6428,0.3037,-0.0154,0.3038,0.1554
10000,laplace,{'scale': 1.0},0.0011,1.725,0.302,-0.0017,0.302,0.0122
10000,weibull,{'a': 0.5},6.3221,79.8308,0.0391,0.0022,0.0393,0.0187
