N,Rho,Verteilung_X,Parameter,Avg_Skewness,Bias_OLS,Bias_ICA,RMSE_OLS,RMSE_ICA
100,0.1,beta,"{'a': 0.5, 'b': 0.5}",-0.0121,0.7221,0.016,0.7671,0.532
100,0.1,beta,"{'a': 1.0, 'b': 1.0}",-0.0128,1.0601,0.0835,1.1034,8.8002
100,0.1,beta,"{'a': 2.0, 'b': 2.0}",0.003,1.6324,0.3694,1.6681,85.4998
100,0.1,beta,"{'a': 4.0, 'b': 4.0}",0.0031,2.6098,2.1324,2.6463,63.6427
100,0.1,chisquare,{'df': 2},1.788,0.0227,-0.006,0.0558,0.3558
100,0.1,chisquare,{'df': 8},0.94,0.0061,-0.0122,0.0263,0.5369
100,0.1,chisquare,{'df': 14},0.7253,0.0033,-0.0042,0.0192,0.592
100,0.1,chisquare,{'df': 20},0.6092,0.0024,0.0006,0.0161,1.0965
100,0.1,gamma,"{'shape': 1.0, 'scale': 0.5}",1.6898,0.3832,-0.0178,0.4444,1.5211
100,0.1,gamma,"{'shape': 1.0, 'scale': 2.0}",1.788,0.0227,-0.0062,0.0558,0.3585
100,0.1,gamma,"{'shape': 2.0, 'scale': 4.0}",1.315,0.0021,-0.0075,0.0186,0.1067
100,0.1,gamma,"{'shape': 4.0, 'scale': 2.0}",0.94,0.0061,-0.009,0.0263,1.8896
100,0.1,lognormal,"{'mean': 0.0, 'sigma': 1.0}",3.1303,0.0284,0.006,0.065,0.1358
100,0.1,lognormal,"{'mean': 0.0, 'sigma': 0.75}",2.2837,0.0841,0.0134,0.1303,0.2899
100,0.1,lognormal,"{'mean': 0.0, 'sigma': 0.5}",1.4221,0.2759,0.037,0.3275,3.5197
100,0.1,lognormal,"{'mean': 0.0, 'sigma': 0.25}",0.5762,1.2733,0.2372,1.3202,70.198
100,0.1,t,{'df': 3},-0.0515,0.0388,0.0091,0.0781,5.2691
100,0.1,t,{'df': 4},-0.0493,0.0499,-0.0031,0.093,24.5602
100,0.1,t,{'df': 5},-0.0236,0.0603,0.017,0.1029,11.4904
100,0.1,t,{'df': 6},-0.0026,0.0688,0.0187,0.1107,11.4536
100,0.2,beta,"{'a': 0.5, 'b': 0.5}",-0.0087,1.1932,-0.0044,1.2091,0.4598
100,0.2,beta,"{'a': 1.0, 'b': 1.0}",-0.018,1.6089,0.0621,1.6236,2.3729
100,0.2,beta,"{'a': 2.0, 'b': 2.0}",-0.0025,2.2024,0.4704,2.2135,12.8092
100,0.2,beta,"{'a': 4.0, 'b': 4.0}",0.0047,2.9413,2.7971,2.9502,273.6453
100,0.2,chisquare,{'df': 2},1.7675,0.0479,-0.0034,0.0712,1.2804
100,0.2,chisquare,{'df': 8},0.9366,0.0123,-0.0057,0.0284,0.4053
100,0.2,chisquare,{'df': 14},0.7237,0.0068,-0.0016,0.0201,6.4374
100,0.2,chisquare,{'df': 20},0.6083,0.0049,-0.0015,0.0167,5.1738
100,0.2,gamma,"{'shape': 1.0, 'scale': 0.5}",1.4315,0.6922,-0.0248,0.7328,1.8823
100,0.2,gamma,"{'shape': 1.0, 'scale': 2.0}",1.7675,0.0479,-0.0051,0.0712,1.072
100,0.2,gamma,"{'shape': 2.0, 'scale': 4.0}",1.3128,0.0053,-0.0058,0.0192,0.1068
100,0.2,gamma,"{'shape': 4.0, 'scale': 2.0}",0.9366,0.0123,-0.006,0.0284,0.5141
100,0.2,lognormal,"{'mean': 0.0, 'sigma': 1.0}",3.0948,0.0575,0.0068,0.084,0.1276
100,0.2,lognormal,"{'mean': 0.0, 'sigma': 0.75}",2.2053,0.1656,0.0118,0.196,0.5358
100,0.2,lognormal,"{'mean': 0.0, 'sigma': 0.5}",1.2656,0.5112,0.0248,0.541,1.3473
100,0.2,lognormal,"{'mean': 0.0, 'sigma': 0.25}",0.3492,1.8436,0.355,1.8627,38.3005
100,0.2,t,{'df': 3},-0.0506,0.0791,0.0077,0.1055,2.5332
100,0.2,t,{'df': 4},-0.0496,0.1015,0.0156,0.1292,38.4789
100,0.2,t,{'df': 5},-0.0246,0.1199,0.0345,0.1466,16.4364
100,0.2,t,{'df': 6},-0.0037,0.134,0.0369,0.1597,33.0725
100,0.3,beta,"{'a': 0.5, 'b': 0.5}",-0.0055,1.3821,0.0187,1.3894,0.6176
100,0.3,beta,"{'a': 1.0, 'b': 1.0}",-0.0213,1.7225,0.0806,1.7286,3.9667
100,0.3,beta,"{'a': 2.0, 'b': 2.0}",-0.0082,2.1342,0.5127,2.1391,6.8566
100,0.3,beta,"{'a': 4.0, 'b': 4.0}",0.0018,2.547,2.3157,2.5505,11.8121
100,0.3,chisquare,{'df': 2},1.7343,0.0724,-0.0061,0.0906,0.7278
100,0.3,chisquare,{'df': 8},0.9315,0.0185,-0.009,0.0316,0.9908
100,0.3,chisquare,{'df': 14},0.7213,0.0103,0.0022,0.0215,14.0863
100,0.3,chisquare,{'df': 20},0.6069,0.0073,0.0025,0.0176,1.7376
100,0.3,gamma,"{'shape': 1.0, 'scale': 0.5}",1.1271,0.8832,-0.0184,0.9121,10.5417
100,0.3,gamma,"{'shape': 1.0, 'scale': 2.0}",1.7343,0.0724,-0.0044,0.0906,0.8369
100,0.3,gamma,"{'shape': 2.0, 'scale': 4.0}",1.3093,0.0084,-0.0047,0.0203,0.1028
100,0.3,gamma,"{'shape': 4.0, 'scale': 2.0}",0.9315,0.0185,-0.0013,0.0316,0.5083
100,0.3,lognormal,"{'mean': 0.0, 'sigma': 1.0}",3.0368,0.0854,0.0049,0.108,0.1278
100,0.3,lognormal,"{'mean': 0.0, 'sigma': 0.75}",2.0846,0.2387,0.0113,0.2639,0.3303
100,0.3,lognormal,"{'mean': 0.0, 'sigma': 0.5}",1.0619,0.6791,0.0376,0.7008,3.6368
100,0.3,lognormal,"{'mean': 0.0, 'sigma': 0.25}",0.1918,1.8923,0.6247,1.9015,216.5724
100,0.3,t,{'df': 3},-0.0492,0.1173,0.012,0.138,399.1491
100,0.3,t,{'df': 4},-0.0493,0.1498,0.02,0.1706,7.4509
100,0.3,t,{'df': 5},-0.0251,0.1752,0.0404,0.1947,19.9092
100,0.3,t,{'df': 6},-0.0049,0.194,0.0743,0.2124,517.8667
100,0.4,beta,"{'a': 0.5, 'b': 0.5}",-0.0036,1.3956,-0.0054,1.3995,0.4855
100,0.4,beta,"{'a': 1.0, 'b': 1.0}",-0.0226,1.6393,0.047,1.6423,3.2392
100,0.4,beta,"{'a': 2.0, 'b': 2.0}",-0.0116,1.9011,0.5991,1.9037,5.4929
100,0.4,beta,"{'a': 4.0, 'b': 4.0}",-0.0012,2.1319,1.9608,2.1337,9.4755
100,0.4,chisquare,{'df': 2},1.6898,0.0958,-0.0076,0.1111,0.3627
100,0.4,chisquare,{'df': 8},0.9247,0.0246,-0.0088,0.0354,11.1787
100,0.4,chisquare,{'df': 14},0.7181,0.0138,-0.0009,0.0234,1.1823
100,0.4,chisquare,{'df': 20},0.6051,0.0098,0.0062,0.0187,3.8654
100,0.4,gamma,"{'shape': 1.0, 'scale': 0.5}",0.8521,0.9736,-0.0144,0.9935,2.0708
100,0.4,gamma,"{'shape': 1.0, 'scale': 2.0}",1.6898,0.0958,-0.0043,0.1111,0.3667
100,0.4,gamma,"{'shape': 2.0, 'scale': 4.0}",1.3046,0.0116,-0.0037,0.0218,0.1095
100,0.4,gamma,"{'shape': 4.0, 'scale': 2.0}",0.9247,0.0246,-0.0059,0.0354,10.1705
100,0.4,lognormal,"{'mean': 0.0, 'sigma': 1.0}",2.9589,0.1116,0.0073,0.1328,0.1335
100,0.4,lognormal,"{'mean': 0.0, 'sigma': 0.75}",1.9345,0.3007,0.0107,0.3234,0.3469
100,0.4,lognormal,"{'mean': 0.0, 'sigma': 0.5}",0.857,0.7799,0.05,0.7962,4.0175
100,0.4,lognormal,"{'mean': 0.0, 'sigma': 0.25}",0.1048,1.7498,0.805,1.7545,32.2222
100,0.4,t,{'df': 3},-0.0473,0.1527,0.0116,0.1704,11.2034
100,0.4,t,{'df': 4},-0.0486,0.1937,0.0374,0.2107,20.2301
100,0.4,t,{'df': 5},-0.0252,0.2246,0.0612,0.24,3.8543
100,0.4,t,{'df': 6},-0.0061,0.2469,0.072,0.2613,13.4066
100,0.5,beta,"{'a': 0.5, 'b': 0.5}",-0.0029,1.3288,0.0068,1.3313,1.4703
100,0.5,beta,"{'a': 1.0, 'b': 1.0}",-0.0227,1.4977,0.0925,1.4994,3.7745
100,0.5,beta,"{'a': 2.0, 'b': 2.0}",-0.0135,1.6651,0.6217,1.6666,11.7379
100,0.5,beta,"{'a': 4.0, 'b': 4.0}",-0.0035,1.8019,1.6987,1.8029,19.5358
100,0.5,chisquare,{'df': 2},1.6355,0.1177,-0.0049,0.1312,0.289
100,0.5,chisquare,{'df': 8},0.9162,0.0306,-0.0038,0.0398,1.9352
100,0.5,chisquare,{'df': 14},0.7142,0.0173,0.0028,0.0256,1.5297
100,0.5,chisquare,{'df': 20},0.6029,0.0122,-0.0,0.0201,53.2476
100,0.5,gamma,"{'shape': 1.0, 'scale': 0.5}",0.6331,0.9961,-0.0107,1.0094,2.4614
100,0.5,gamma,"{'shape': 1.0, 'scale': 2.0}",1.6355,0.1177,-0.0049,0.1312,0.2791
100,0.5,gamma,"{'shape': 2.0, 'scale': 4.0}",1.2987,0.0147,-0.0055,0.0236,0.1181
100,0.5,gamma,"{'shape': 4.0, 'scale': 2.0}",0.9162,0.0306,-0.0069,0.0398,1.2257
100,0.5,lognormal,"{'mean': 0.0, 'sigma': 1.0}",2.8645,0.1358,0.0041,0.1565,0.1486
100,0.5,lognormal,"{'mean': 0.0, 'sigma': 0.75}",1.7683,0.3508,0.0111,0.3715,0.4189
100,0.5,lognormal,"{'mean': 0.0, 'sigma': 0.5}",0.6767,0.8276,0.0469,0.8397,20.0966
100,0.5,lognormal,"{'mean': 0.0, 'sigma': 0.25}",0.058,1.5691,0.8859,1.5718,148.0565
100,0.5,t,{'df': 3},-0.045,0.1846,0.0156,0.2005,10.0423
100,0.5,t,{'df': 4},-0.0475,0.2324,0.0332,0.2469,7.0878
100,0.5,t,{'df': 5},-0.0249,0.2673,0.0941,0.28,9.0546
100,0.5,t,{'df': 6},-0.0072,0.292,0.1113,0.3036,23.116
100,0.6,beta,"{'a': 0.5, 'b': 0.5}",-0.0029,1.2345,0.0151,1.2362,0.7609
100,0.6,beta,"{'a': 1.0, 'b': 1.0}",-0.0223,1.3522,0.0678,1.3534,15.3661
100,0.6,beta,"{'a': 2.0, 'b': 2.0}",-0.0145,1.4628,0.5634,1.4637,25.2396
100,0.6,beta,"{'a': 4.0, 'b': 4.0}",-0.0052,1.549,1.4928,1.5496,10.9606
100,0.6,chisquare,{'df': 2},1.573,0.138,-0.0049,0.1501,0.2398
100,0.6,chisquare,{'df': 8},0.9061,0.0365,-0.0032,0.0445,2.7641
100,0.6,chisquare,{'df': 14},0.7096,0.0208,-0.0056,0.0281,2.4808
100,0.6,chisquare,{'df': 20},0.6002,0.0147,0.0063,0.0217,1.4021
100,0.6,gamma,"{'shape': 1.0, 'scale': 0.5}",0.4691,0.9791,-0.0131,0.9879,124.7554
100,0.6,gamma,"{'shape': 1.0, 'scale': 2.0}",1.573,0.138,-0.0092,0.1501,0.2617
100,0.6,gamma,"{'shape': 2.0, 'scale': 4.0}",1.2916,0.0178,-0.0051,0.0257,0.1204
100,0.6,gamma,"{'shape': 4.0, 'scale': 2.0}",0.9061,0.0365,-0.0063,0.0445,9.9987
100,0.6,lognormal,"{'mean': 0.0, 'sigma': 1.0}",2.757,0.1576,0.0075,0.1781,0.1779
100,0.6,lognormal,"{'mean': 0.0, 'sigma': 0.75}",1.5977,0.3891,0.0113,0.4079,0.5849
100,0.6,lognormal,"{'mean': 0.0, 'sigma': 0.5}",0.5293,0.8386,0.0589,0.8475,14.8585
100,0.6,lognormal,"{'mean': 0.0, 'sigma': 0.25}",0.032,1.3996,0.8728,1.4013,11.3221
100,0.6,t,{'df': 3},-0.0424,0.2128,0.0143,0.2274,1.7571
100,0.6,t,{'df': 4},-0.0462,0.2653,0.0459,0.2781,41.9068
100,0.6,t,{'df': 5},-0.0244,0.3028,0.086,0.3135,2.4626
100,0.6,t,{'df': 6},-0.0084,0.3288,0.1176,0.3385,11.1791
100,0.7,beta,"{'a': 0.5, 'b': 0.5}",-0.0032,1.1368,0.0182,1.138,1.259
100,0.7,beta,"{'a': 1.0, 'b': 1.0}",-0.0218,1.2204,0.118,1.2212,21.3719
100,0.7,beta,"{'a': 2.0, 'b': 2.0}",-0.015,1.2961,0.6586,1.2967,4.1421
100,0.7,beta,"{'a': 4.0, 'b': 4.0}",-0.0064,1.3534,1.3388,1.3538,3.6968
100,0.7,chisquare,{'df': 2},1.5044,0.1565,-0.0079,0.1675,0.2464
100,0.7,chisquare,{'df': 8},0.8946,0.0423,-0.0057,0.0493,1.0749
100,0.7,chisquare,{'df': 14},0.7043,0.0242,-0.0011,0.0306,4.1766
100,0.7,chisquare,{'df': 20},0.597,0.0171,0.0075,0.0233,0.7166
100,0.7,gamma,"{'shape': 1.0, 'scale': 0.5}",0.3492,0.9417,0.0198,0.9475,3.3748
100,0.7,gamma,"{'shape': 1.0, 'scale': 2.0}",1.5044,0.1565,-0.0084,0.1675,0.2676
100,0.7,gamma,"{'shape': 2.0, 'scale': 4.0}",1.2834,0.0208,-0.0047,0.0279,0.1239
100,0.7,gamma,"{'shape': 4.0, 'scale': 2.0}",0.8946,0.0423,-0.0031,0.0493,0.9698
100,0.7,lognormal,"{'mean': 0.0, 'sigma': 1.0}",2.6401,0.177,0.0056,0.1972,0.2198
100,0.7,lognormal,"{'mean': 0.0, 'sigma': 0.75}",1.431,0.4169,0.0097,0.4336,20.8822
100,0.7,lognormal,"{'mean': 0.0, 'sigma': 0.5}",0.4133,0.8269,0.0453,0.8334,11.3883
100,0.7,lognormal,"{'mean': 0.0, 'sigma': 0.25}",0.0167,1.2529,0.7713,1.254,94.6229
100,0.7,t,{'df': 3},-0.0396,0.2369,0.0206,0.2504,8.7089
100,0.7,t,{'df': 4},-0.0446,0.2926,0.0484,0.3039,1.7353
100,0.7,t,{'df': 5},-0.0237,0.3313,0.0924,0.3404,11.2449
100,0.7,t,{'df': 6},-0.0094,0.3576,0.1249,0.3658,7.472
100,0.8,beta,"{'a': 0.5, 'b': 0.5}",-0.0038,1.045,0.0044,1.0458,8.9725
100,0.8,beta,"{'a': 1.0, 'b': 1.0}",-0.0212,1.1058,0.1185,1.1063,8.8486
100,0.8,beta,"{'a': 2.0, 'b': 2.0}",-0.0153,1.1594,0.6724,1.1599,127.6271
100,0.8,beta,"{'a': 4.0, 'b': 4.0}",-0.0074,1.1992,1.1649,1.1995,4.6785
100,0.8,chisquare,{'df': 2},1.4315,0.1731,-0.0055,0.1832,0.2447
100,0.8,chisquare,{'df': 8},0.8817,0.0479,-0.0027,0.0542,1.7513
100,0.8,chisquare,{'df': 14},0.6983,0.0275,0.0032,0.0333,2.6133
100,0.8,chisquare,{'df': 20},0.5935,0.0194,0.0066,0.0251,1.2382
100,0.8,gamma,"{'shape': 1.0, 'scale': 0.5}",0.2622,0.8951,-0.0027,0.8991,10.0164
100,0.8,gamma,"{'shape': 1.0, 'scale': 2.0}",1.4315,0.1731,-0.0055,0.1832,0.255
100,0.8,gamma,"{'shape': 2.0, 'scale': 4.0}",1.274,0.0238,-0.0039,0.0302,0.132
100,0.8,gamma,"{'shape': 4.0, 'scale': 2.0}",0.8817,0.0479,-0.0042,0.0542,2.8782
100,0.8,lognormal,"{'mean': 0.0, 'sigma': 1.0}",2.5171,0.1939,0.004,0.2137,0.35
100,0.8,lognormal,"{'mean': 0.0, 'sigma': 0.75}",1.2739,0.4356,0.0161,0.4503,0.7002
100,0.8,lognormal,"{'mean': 0.0, 'sigma': 0.5}",0.3238,0.802,0.0763,0.8067,7.3841
100,0.8,lognormal,"{'mean': 0.0, 'sigma': 0.25}",0.0074,1.1288,0.8056,1.1295,428.022
100,0.8,t,{'df': 3},-0.0368,0.2572,0.0137,0.2697,1.2501
100,0.8,t,{'df': 4},-0.0429,0.3144,0.0436,0.3244,2.8643
100,0.8,t,{'df': 5},-0.0229,0.3533,0.1092,0.3611,59.3238
100,0.8,t,{'df': 6},-0.0105,0.3792,0.126,0.3861,77.541
200,0.1,beta,"{'a': 0.5, 'b': 0.5}",-0.0004,0.7377,-0.0095,0.759,0.3222
200,0.1,beta,"{'a': 1.0, 'b': 1.0}",-0.0027,1.0489,-0.0338,1.0688,32.7245
200,0.1,beta,"{'a': 2.0, 'b': 2.0}",0.0014,1.6576,0.2071,1.6768,411.702
200,0.1,beta,"{'a': 4.0, 'b': 4.0}",-0.0051,2.6325,1.0798,2.6506,30.6533
200,0.1,chisquare,{'df': 2},1.8848,0.0234,0.0016,0.0457,0.1181
200,0.1,chisquare,{'df': 8},0.9554,0.0064,0.0009,0.0184,0.178
200,0.1,chisquare,{'df': 14},0.7285,0.0044,-0.0036,0.0139,0.5685
200,0.1,chisquare,{'df': 20},0.6095,0.0032,-0.0029,0.0114,1.1626
200,0.1,gamma,"{'shape': 1.0, 'scale': 0.5}",1.782,0.3821,-0.0053,0.4146,0.4636
200,0.1,gamma,"{'shape': 1.0, 'scale': 2.0}",1.8848,0.0234,0.0011,0.0457,0.1149
200,0.1,gamma,"{'shape': 2.0, 'scale': 4.0}",1.3376,0.0031,0.0004,0.0124,0.0676
200,0.1,gamma,"{'shape': 4.0, 'scale': 2.0}",0.9554,0.0064,0.0005,0.0184,0.1864
200,0.1,lognormal,"{'mean': 0.0, 'sigma': 1.0}",3.7354,0.0232,-0.0028,0.043,0.078
200,0.1,lognormal,"{'mean': 0.0, 'sigma': 0.75}",2.5985,0.075,0.0018,0.0993,0.1755
200,0.1,lognormal,"{'mean': 0.0, 'sigma': 0.5}",1.5521,0.2614,-0.0043,0.2883,0.5247
200,0.1,lognormal,"{'mean': 0.0, 'sigma': 0.25}",0.6195,1.2529,0.0809,1.2792,8.8949
200,0.1,t,{'df': 3},0.0311,0.039,0.0057,0.0579,0.8487
200,0.1,t,{'df': 4},-0.0082,0.0531,0.0045,0.0731,2.1648
200,0.1,t,{'df': 5},-0.029,0.0584,0.0086,0.0785,8.3731
200,0.1,t,{'df': 6},-0.0218,0.0641,0.0131,0.0843,9.7878
200,0.2,beta,"{'a': 0.5, 'b': 0.5}",-0.0033,1.2046,-0.0109,1.2123,0.4817
200,0.2,beta,"{'a': 1.0, 'b': 1.0}",-0.0029,1.6077,-0.0331,1.6141,1.336
200,0.2,beta,"{'a': 2.0, 'b': 2.0}",0.0013,2.2168,0.2176,2.2229,7.9357
200,0.2,beta,"{'a': 4.0, 'b': 4.0}",-0.0018,2.9457,1.1938,2.9505,12.1458
200,0.2,chisquare,{'df': 2},1.8632,0.0483,-0.0009,0.0624,0.119
200,0.2,chisquare,{'df': 8},0.9523,0.0127,0.0017,0.0214,0.7467
200,0.2,chisquare,{'df': 14},0.7272,0.0079,-0.0021,0.0154,5302.7334
200,0.2,chisquare,{'df': 20},0.6087,0.0057,-0.0015,0.0123,4.6542
200,0.2,gamma,"{'shape': 1.0, 'scale': 0.5}",1.5117,0.6905,0.0047,0.7089,0.4779
200,0.2,gamma,"{'shape': 1.0, 'scale': 2.0}",1.8632,0.0483,0.0012,0.0624,0.1133
200,0.2,gamma,"{'shape': 2.0, 'scale': 4.0}",1.3356,0.0062,0.0001,0.0136,0.0703
200,0.2,gamma,"{'shape': 4.0, 'scale': 2.0}",0.9523,0.0127,-0.0018,0.0214,0.1753
200,0.2,lognormal,"{'mean': 0.0, 'sigma': 1.0}",3.6991,0.0485,-0.0023,0.0629,0.0525
200,0.2,lognormal,"{'mean': 0.0, 'sigma': 0.75}",2.5152,0.1513,-0.0065,0.168,0.1413
200,0.2,lognormal,"{'mean': 0.0, 'sigma': 0.5}",1.3854,0.4925,-0.0073,0.5095,0.5747
200,0.2,lognormal,"{'mean': 0.0, 'sigma': 0.25}",0.3789,1.831,0.2619,1.8419,18.3333
200,0.2,t,{'df': 3},0.029,0.0763,0.0027,0.0886,1.563
200,0.2,t,{'df': 4},-0.009,0.1036,0.0091,0.1157,25.6997
200,0.2,t,{'df': 5},-0.0287,0.1177,0.012,0.129,30.6359
200,0.2,t,{'df': 6},-0.0218,0.1289,0.0267,0.1401,11.2548
200,0.3,beta,"{'a': 0.5, 'b': 0.5}",-0.0061,1.3878,-0.0096,1.3915,0.2896
200,0.3,beta,"{'a': 1.0, 'b': 1.0}",-0.0023,1.7246,-0.0335,1.7277,1.237
200,0.3,beta,"{'a': 2.0, 'b': 2.0}",0.0008,2.1403,0.2225,2.1431,504.1395
200,0.3,beta,"{'a': 4.0, 'b': 4.0}",-0.0004,2.546,1.412,2.5478,39.633
200,0.3,chisquare,{'df': 2},1.8285,0.0724,-0.0002,0.0827,0.1154
200,0.3,chisquare,{'df': 8},0.9474,0.0189,0.0016,0.0256,0.2009
200,0.3,chisquare,{'df': 14},0.7251,0.0115,0.0013,0.0175,0.5086
200,0.3,chisquare,{'df': 20},0.6075,0.0082,0.0011,0.0136,1.8187
200,0.3,gamma,"{'shape': 1.0, 'scale': 0.5}",1.1919,0.8842,0.0073,0.8964,0.5574
200,0.3,gamma,"{'shape': 1.0, 'scale': 2.0}",1.8285,0.0724,0.0019,0.0827,0.116
200,0.3,gamma,"{'shape': 2.0, 'scale': 4.0}",1.3322,0.0094,0.0002,0.0153,0.0653
200,0.3,gamma,"{'shape': 4.0, 'scale': 2.0}",0.9474,0.0189,0.0019,0.0256,0.2036
200,0.3,lognormal,"{'mean': 0.0, 'sigma': 1.0}",3.6385,0.073,-0.0028,0.0857,0.068
200,0.3,lognormal,"{'mean': 0.0, 'sigma': 0.75}",2.3851,0.2205,-0.0018,0.2351,0.1734
200,0.3,lognormal,"{'mean': 0.0, 'sigma': 0.5}",1.1663,0.66,-0.0042,0.6728,0.9261
200,0.3,lognormal,"{'mean': 0.0, 'sigma': 0.25}",0.2115,1.887,0.4491,1.8919,566.276
200,0.3,t,{'df': 3},0.0272,0.1118,-0.0004,0.1217,0.6702
200,0.3,t,{'df': 4},-0.0093,0.1509,0.0177,0.1599,2.396
200,0.3,t,{'df': 5},-0.0279,0.1728,0.0231,0.1808,9.4525
200,0.3,t,{'df': 6},-0.0215,0.1887,0.0375,0.1965,13.1754
200,0.4,beta,"{'a': 0.5, 'b': 0.5}",-0.0079,1.3975,-0.0084,1.3995,0.287
200,0.4,beta,"{'a': 1.0, 'b': 1.0}",-0.0016,1.6417,-0.0255,1.6435,0.7856
200,0.4,beta,"{'a': 2.0, 'b': 2.0}",0.0002,1.9036,0.2568,1.905,35.1265
200,0.4,beta,"{'a': 4.0, 'b': 4.0}",-0.0001,2.1302,1.2669,2.131,19.3158
200,0.4,chisquare,{'df': 2},1.782,0.0955,0.003,0.1036,0.1123
200,0.4,chisquare,{'df': 8},0.9408,0.025,-0.0047,0.0304,0.1958
200,0.4,chisquare,{'df': 14},0.7223,0.015,0.0004,0.02,1.2943
200,0.4,chisquare,{'df': 20},0.6058,0.0107,0.0014,0.0152,1.322
200,0.4,gamma,"{'shape': 1.0, 'scale': 0.5}",0.9027,0.9771,-0.0088,0.9855,4.2121
200,0.4,gamma,"{'shape': 1.0, 'scale': 2.0}",1.782,0.0955,0.0005,0.1036,0.1146
200,0.4,gamma,"{'shape': 2.0, 'scale': 4.0}",1.3277,0.0125,0.0002,0.0174,0.0676
200,0.4,gamma,"{'shape': 4.0, 'scale': 2.0}",0.9408,0.025,-0.0029,0.0304,0.2231
200,0.4,lognormal,"{'mean': 0.0, 'sigma': 1.0}",3.5561,0.0962,-0.0018,0.1086,0.0629
200,0.4,lognormal,"{'mean': 0.0, 'sigma': 0.75}",2.2213,0.2802,-0.0002,0.2937,0.1484
200,0.4,lognormal,"{'mean': 0.0, 'sigma': 0.5}",0.9439,0.7631,-0.0007,0.7727,1.1148
200,0.4,lognormal,"{'mean': 0.0, 'sigma': 0.25}",0.1193,1.7484,0.6309,1.7508,19.1565
200,0.4,t,{'df': 3},0.0258,0.1448,0.0033,0.1537,4.0421
200,0.4,t,{'df': 4},-0.0091,0.1939,0.015,0.2014,33.5757
200,0.4,t,{'df': 5},-0.0265,0.2222,0.0248,0.2286,4.9584
200,0.4,t,{'df': 6},-0.0208,0.2419,0.0429,0.2479,22.8195
200,0.5,beta,"{'a': 0.5, 'b': 0.5}",-0.0089,1.3288,-0.0018,1.3301,1.4526
200,0.5,beta,"{'a': 1.0, 'b': 1.0}",-0.0011,1.4996,-0.0266,1.5007,3.4684
200,0.5,beta,"{'a': 2.0, 'b': 2.0}",-0.0003,1.6661,0.2396,1.6669,6.3846
200,0.5,beta,"{'a': 4.0, 'b': 4.0}",-0.0002,1.8003,1.2748,1.8008,16.7867
200,0.5,chisquare,{'df': 2},1.7252,0.1173,-0.0016,0.1241,0.114
200,0.5,chisquare,{'df': 8},0.9325,0.0311,0.0025,0.0356,0.2188
200,0.5,chisquare,{'df': 14},0.7186,0.0185,0.0005,0.0227,1.1894
200,0.5,chisquare,{'df': 20},0.6036,0.0131,0.0013,0.017,0.5631
200,0.5,gamma,"{'shape': 1.0, 'scale': 0.5}",0.6732,1.001,0.0136,1.0066,9.232
200,0.5,gamma,"{'shape': 1.0, 'scale': 2.0}",1.7252,0.1173,0.0015,0.1241,0.1158
200,0.5,gamma,"{'shape': 2.0, 'scale': 4.0}",1.3219,0.0156,0.0002,0.0198,0.0736
200,0.5,gamma,"{'shape': 4.0, 'scale': 2.0}",0.9325,0.0311,0.0007,0.0356,0.2234
200,0.5,lognormal,"{'mean': 0.0, 'sigma': 1.0}",3.4547,0.118,-0.0013,0.1304,0.0527
200,0.5,lognormal,"{'mean': 0.0, 'sigma': 0.75}",2.0377,0.3294,-0.0013,0.342,0.154
200,0.5,lognormal,"{'mean': 0.0, 'sigma': 0.5}",0.747,0.8141,0.0034,0.8211,10.0526
200,0.5,lognormal,"{'mean': 0.0, 'sigma': 0.25}",0.0701,1.5694,0.6061,1.5707,13.0263
200,0.5,t,{'df': 3},0.0247,0.1748,0.0034,0.1832,0.2253
200,0.5,t,{'df': 4},-0.0085,0.2319,0.0173,0.2383,0.9789
200,0.5,t,{'df': 5},-0.0248,0.265,0.0313,0.2703,25.6575
200,0.5,t,{'df': 6},-0.0199,0.2874,0.0445,0.2922,4.9797
200,0.6,beta,"{'a': 0.5, 'b': 0.5}",-0.0092,1.2337,-0.0081,1.2346,0.4535
200,0.6,beta,"{'a': 1.0, 'b': 1.0}",-0.0009,1.3537,-0.0198,1.3544,4.2834
200,0.6,beta,"{'a': 2.0, 'b': 2.0}",-0.0007,1.4631,0.2511,1.4636,6.7466
200,0.6,beta,"{'a': 4.0, 'b': 4.0}",-0.0004,1.5477,1.2623,1.548,9.6655
200,0.6,chisquare,{'df': 2},1.6599,0.1375,0.0004,0.1433,0.1249
200,0.6,chisquare,{'df': 8},0.9227,0.037,-0.003,0.0408,0.2339
200,0.6,chisquare,{'df': 14},0.7143,0.022,-0.0009,0.0256,0.3959
200,0.6,chisquare,{'df': 20},0.601,0.0156,0.0007,0.019,0.8073
200,0.6,gamma,"{'shape': 1.0, 'scale': 0.5}",0.5022,0.9843,0.017,0.988,0.9873
200,0.6,gamma,"{'shape': 1.0, 'scale': 2.0}",1.6599,0.1375,-0.001,0.1433,0.1327
200,0.6,gamma,"{'shape': 2.0, 'scale': 4.0}",1.315,0.0187,-0.0011,0.0223,0.0656
200,0.6,gamma,"{'shape': 4.0, 'scale': 2.0}",0.9227,0.037,0.0026,0.0408,0.328
200,0.6,lognormal,"{'mean': 0.0, 'sigma': 1.0}",3.3379,0.138,-0.0022,0.1505,0.0765
200,0.6,lognormal,"{'mean': 0.0, 'sigma': 0.75}",1.8468,0.3681,0.0001,0.3796,0.1657
200,0.6,lognormal,"{'mean': 0.0, 'sigma': 0.5}",0.5855,0.8284,0.0247,0.8335,2.7435
200,0.6,lognormal,"{'mean': 0.0, 'sigma': 0.25}",0.0429,1.4006,0.7037,1.4013,25.8441
200,0.6,t,{'df': 3},0.0239,0.2015,0.0055,0.2095,0.2857
200,0.6,t,{'df': 4},-0.0076,0.2644,0.0152,0.2701,3.9283
200,0.6,t,{'df': 5},-0.0228,0.3008,0.0344,0.3053,1.7925
200,0.6,t,{'df': 6},-0.0188,0.3247,0.0523,0.3287,1.8524
200,0.7,beta,"{'a': 0.5, 'b': 0.5}",-0.0092,1.1357,-0.0023,1.1362,0.346
200,0.7,beta,"{'a': 1.0, 'b': 1.0}",-0.0007,1.2215,-0.0247,1.222,3.8292
200,0.7,beta,"{'a': 2.0, 'b': 2.0}",-0.001,1.2961,0.2652,1.2965,12.0643
200,0.7,beta,"{'a': 4.0, 'b': 4.0}",-0.0006,1.3523,1.2232,1.3525,4.2258
200,0.7,chisquare,{'df': 2},1.5881,0.156,0.0013,0.1611,0.1118
200,0.7,chisquare,{'df': 8},0.9113,0.0428,-0.0048,0.0462,0.5869
200,0.7,chisquare,{'df': 14},0.7092,0.0254,0.0017,0.0286,5.7821
200,0.7,chisquare,{'df': 20},0.598,0.018,0.0013,0.021,1.1527
200,0.7,gamma,"{'shape': 1.0, 'scale': 0.5}",0.3781,0.9464,0.0119,0.949,5.7501
200,0.7,gamma,"{'shape': 1.0, 'scale': 2.0}",1.5881,0.156,0.0004,0.1611,0.1196
200,0.7,gamma,"{'shape': 2.0, 'scale': 4.0}",1.3069,0.0217,-0.0007,0.025,0.0674
200,0.7,gamma,"{'shape': 4.0, 'scale': 2.0}",0.9113,0.0428,-0.0023,0.0462,0.5843
200,0.7,lognormal,"{'mean': 0.0, 'sigma': 1.0}",3.209,0.1561,-0.0026,0.1686,0.0805
200,0.7,lognormal,"{'mean': 0.0, 'sigma': 0.75}",1.6583,0.3971,-0.0013,0.4073,0.1653
200,0.7,lognormal,"{'mean': 0.0, 'sigma': 0.5}",0.4584,0.8194,0.0298,0.823,30.6312
200,0.7,lognormal,"{'mean': 0.0, 'sigma': 0.25}",0.0271,1.254,0.7039,1.2545,14.2911
200,0.7,t,{'df': 3},0.0235,0.2247,0.001,0.2324,0.1668
200,0.7,t,{'df': 4},-0.0066,0.2913,0.0191,0.2964,0.7758
200,0.7,t,{'df': 5},-0.0206,0.3297,0.0353,0.3335,1.6301
200,0.7,t,{'df': 6},-0.0176,0.3542,0.0442,0.3576,7.142
200,0.8,beta,"{'a': 0.5, 'b': 0.5}",-0.0091,1.0438,-0.0102,1.0442,0.3974
200,0.8,beta,"{'a': 1.0, 'b': 1.0}",-0.0007,1.1066,-0.0183,1.107,6.3911
200,0.8,beta,"{'a': 2.0, 'b': 2.0}",-0.0013,1.1593,0.3366,1.1596,8.2553
200,0.8,beta,"{'a': 4.0, 'b': 4.0}",-0.0008,1.1983,1.0754,1.1985,30.6867
200,0.8,chisquare,{'df': 2},1.5117,0.1726,0.0015,0.1772,0.1291
200,0.8,chisquare,{'df': 8},0.8985,0.0485,0.0018,0.0514,5.1049
200,0.8,chisquare,{'df': 14},0.7034,0.0288,0.0043,0.0316,0.3255
200,0.8,chisquare,{'df': 20},0.5945,0.0204,0.0008,0.0231,9.0238
200,0.8,gamma,"{'shape': 1.0, 'scale': 0.5}",0.2885,0.8992,0.0211,0.901,4.9713
200,0.8,gamma,"{'shape': 1.0, 'scale': 2.0}",1.5117,0.1726,0.001,0.1772,0.1279
200,0.8,gamma,"{'shape': 2.0, 'scale': 4.0}",1.2976,0.0247,0.0002,0.0277,0.0674
200,0.8,gamma,"{'shape': 4.0, 'scale': 2.0}",0.8985,0.0485,0.0006,0.0514,0.1594
200,0.8,lognormal,"{'mean': 0.0, 'sigma': 1.0}",3.0714,0.1722,-0.0024,0.1846,0.0615
200,0.8,lognormal,"{'mean': 0.0, 'sigma': 0.75}",1.479,0.4175,0.001,0.4265,0.148
200,0.8,lognormal,"{'mean': 0.0, 'sigma': 0.5}",0.3603,0.7965,0.013,0.7991,3.412
200,0.8,lognormal,"{'mean': 0.0, 'sigma': 0.25}",0.0175,1.1299,0.6663,1.1302,260.3662
200,0.8,t,{'df': 3},0.0232,0.2444,0.0028,0.2517,0.1993
200,0.8,t,{'df': 4},-0.0054,0.313,0.0168,0.3175,1.1785
200,0.8,t,{'df': 5},-0.0185,0.352,0.0339,0.3554,1.0914
200,0.8,t,{'df': 6},-0.0163,0.3764,0.0446,0.3793,1.5943
400,0.1,beta,"{'a': 0.5, 'b': 0.5}",0.0033,0.7367,0.0085,0.7475,0.2279
400,0.1,beta,"{'a': 1.0, 'b': 1.0}",0.0061,1.0622,-0.0217,1.0722,0.4774
400,0.1,beta,"{'a': 2.0, 'b': 2.0}",0.002,1.6541,0.0029,1.664,4.8009
400,0.1,beta,"{'a': 4.0, 'b': 4.0}",0.0007,2.638,0.6243,2.6466,27.03
400,0.1,chisquare,{'df': 2},1.9207,0.025,0.0038,0.0359,0.0816
400,0.1,chisquare,{'df': 8},0.9737,0.0052,-0.0057,0.0131,0.1043
400,0.1,chisquare,{'df': 14},0.7398,0.0031,-0.0016,0.0096,0.1377
400,0.1,chisquare,{'df': 20},0.6189,0.002,0.0031,0.0082,0.2772
400,0.1,gamma,"{'shape': 1.0, 'scale': 0.5}",1.8188,0.3852,0.015,0.4003,0.3317
400,0.1,gamma,"{'shape': 1.0, 'scale': 2.0}",1.9207,0.025,0.0035,0.0359,0.0737
400,0.1,gamma,"{'shape': 2.0, 'scale': 4.0}",1.3724,0.0029,0.0011,0.0088,0.0494
400,0.1,gamma,"{'shape': 4.0, 'scale': 2.0}",0.9737,0.0052,-0.0078,0.0131,0.1061
400,0.1,lognormal,"{'mean': 0.0, 'sigma': 1.0}",4.3772,0.023,-0.0023,0.0336,0.0508
400,0.1,lognormal,"{'mean': 0.0, 'sigma': 0.75}",2.8764,0.0762,-0.0024,0.0883,0.1192
400,0.1,lognormal,"{'mean': 0.0, 'sigma': 0.5}",1.6304,0.2661,0.0002,0.2789,0.2846
400,0.1,lognormal,"{'mean': 0.0, 'sigma': 0.25}",0.633,1.2616,-0.0089,1.2734,21.3786
400,0.1,t,{'df': 3},-0.0146,0.0355,-0.0047,0.0477,0.0713
400,0.1,t,{'df': 4},0.0358,0.0495,-0.0015,0.061,0.8597
400,0.1,t,{'df': 5},0.0365,0.06,-0.0048,0.0705,10.4407
400,0.1,t,{'df': 6},0.0227,0.0658,0.0028,0.0764,1166.4816
400,0.2,beta,"{'a': 0.5, 'b': 0.5}",0.0034,1.2057,0.0087,1.2093,0.4239
400,0.2,beta,"{'a': 1.0, 'b': 1.0}",0.004,1.6119,-0.0209,1.6151,0.4726
400,0.2,beta,"{'a': 2.0, 'b': 2.0}",0.0016,2.2167,0.0175,2.2196,1.9331
400,0.2,beta,"{'a': 4.0, 'b': 4.0}",0.0023,2.9455,0.6784,2.9479,9.8635
400,0.2,chisquare,{'df': 2},1.8997,0.0496,0.0038,0.0561,0.0734
400,0.2,chisquare,{'df': 8},0.9707,0.0115,-0.006,0.0166,0.1019
400,0.2,chisquare,{'df': 14},0.7389,0.0066,-0.0024,0.0112,0.1012
400,0.2,chisquare,{'df': 20},0.6183,0.0045,0.003,0.0092,0.2075
400,0.2,gamma,"{'shape': 1.0, 'scale': 0.5}",1.5451,0.6899,0.015,0.6991,0.3632
400,0.2,gamma,"{'shape': 1.0, 'scale': 2.0}",1.8997,0.0496,0.0044,0.0561,0.0694
400,0.2,gamma,"{'shape': 2.0, 'scale': 4.0}",1.3705,0.006,0.0015,0.0103,0.0463
400,0.2,gamma,"{'shape': 4.0, 'scale': 2.0}",0.9707,0.0115,-0.0062,0.0166,0.1043
400,0.2,lognormal,"{'mean': 0.0, 'sigma': 1.0}",4.3343,0.046,-0.002,0.0534,0.0434
400,0.2,lognormal,"{'mean': 0.0, 'sigma': 0.75}",2.7833,0.1489,-0.0036,0.157,0.1052
400,0.2,lognormal,"{'mean': 0.0, 'sigma': 0.5}",1.4549,0.4918,-0.004,0.4995,0.3157
400,0.2,lognormal,"{'mean': 0.0, 'sigma': 0.25}",0.3927,1.8283,0.0072,1.833,42.1785
400,0.2,t,{'df': 3},-0.0133,0.0711,-0.005,0.0791,0.087
400,0.2,t,{'df': 4},0.0335,0.099,0.0004,0.1056,3.0664
400,0.2,t,{'df': 5},0.0344,0.1182,-0.0031,0.1241,12.0039
400,0.2,t,{'df': 6},0.021,0.1299,0.007,0.1356,3.117
400,0.3,beta,"{'a': 0.5, 'b': 0.5}",0.0036,1.3896,0.0093,1.3912,0.8742
400,0.3,beta,"{'a': 1.0, 'b': 1.0}",0.0023,1.7239,-0.0056,1.7253,1.1536
400,0.3,beta,"{'a': 2.0, 'b': 2.0}",0.0021,2.1415,0.0265,2.1427,1.7513
400,0.3,beta,"{'a': 4.0, 'b': 4.0}",0.0033,2.5447,0.796,2.5456,30.8772
400,0.3,chisquare,{'df': 2},1.8654,0.0735,0.0021,0.0782,0.086
400,0.3,chisquare,{'df': 8},0.9658,0.0177,-0.0065,0.0214,0.1014
400,0.3,chisquare,{'df': 14},0.7373,0.0102,-0.0019,0.0136,0.0998
400,0.3,chisquare,{'df': 20},0.6173,0.007,0.0032,0.0106,0.1805
400,0.3,gamma,"{'shape': 1.0, 'scale': 0.5}",1.2182,0.8815,0.0149,0.888,0.337
400,0.3,gamma,"{'shape': 1.0, 'scale': 2.0}",1.8654,0.0735,0.0022,0.0782,0.0788
400,0.3,gamma,"{'shape': 2.0, 'scale': 4.0}",1.3675,0.0091,-0.0001,0.0124,0.0451
400,0.3,gamma,"{'shape': 4.0, 'scale': 2.0}",0.9658,0.0177,-0.0063,0.0214,0.1032
400,0.3,lognormal,"{'mean': 0.0, 'sigma': 1.0}",4.2657,0.0684,-0.0018,0.075,0.0561
400,0.3,lognormal,"{'mean': 0.0, 'sigma': 0.75}",2.6406,0.2151,-0.0028,0.2222,0.0945
400,0.3,lognormal,"{'mean': 0.0, 'sigma': 0.5}",1.2258,0.6561,-0.0035,0.6618,0.3459
400,0.3,lognormal,"{'mean': 0.0, 'sigma': 0.25}",0.2247,1.8814,0.1171,1.8835,10.9319
400,0.3,t,{'df': 3},-0.0117,0.1052,-0.0049,0.112,0.0802
400,0.3,t,{'df': 4},0.0312,0.1455,-0.0006,0.1505,0.5176
400,0.3,t,{'df': 5},0.0321,0.1722,-0.0009,0.1766,1.71
400,0.3,t,{'df': 6},0.0192,0.1892,0.0133,0.1932,3.6464
400,0.4,beta,"{'a': 0.5, 'b': 0.5}",0.0036,1.3992,0.014,1.4001,2.4203
400,0.4,beta,"{'a': 1.0, 'b': 1.0}",0.0014,1.6395,-0.0179,1.6402,0.4537
400,0.4,beta,"{'a': 2.0, 'b': 2.0}",0.0025,1.9048,0.0618,1.9055,5.2306
400,0.4,beta,"{'a': 4.0, 'b': 4.0}",0.0036,2.129,0.8136,2.1294,107.8113
400,0.4,chisquare,{'df': 2},1.8188,0.0963,0.0003,0.1001,0.08
400,0.4,chisquare,{'df': 8},0.9592,0.0238,-0.007,0.0267,0.105
400,0.4,chisquare,{'df': 14},0.7349,0.0137,-0.0019,0.0164,0.1145
400,0.4,chisquare,{'df': 20},0.6159,0.0095,0.0082,0.0124,0.1747
400,0.4,gamma,"{'shape': 1.0, 'scale': 0.5}",0.9209,0.9738,0.0209,0.9783,0.3925
400,0.4,gamma,"{'shape': 1.0, 'scale': 2.0}",1.8188,0.0963,0.0032,0.1001,0.0749
400,0.4,gamma,"{'shape': 2.0, 'scale': 4.0}",1.3631,0.0122,0.0009,0.0149,0.0488
400,0.4,gamma,"{'shape': 4.0, 'scale': 2.0}",0.9592,0.0238,-0.0057,0.0267,0.1036
400,0.4,lognormal,"{'mean': 0.0, 'sigma': 1.0}",4.1738,0.0897,-0.002,0.0962,0.0557
400,0.4,lognormal,"{'mean': 0.0, 'sigma': 0.75}",2.4617,0.2727,-0.0021,0.2794,0.092
400,0.4,lognormal,"{'mean': 0.0, 'sigma': 0.5}",0.9934,0.7578,0.0002,0.7621,0.3062
400,0.4,lognormal,"{'mean': 0.0, 'sigma': 0.25}",0.1313,1.7429,0.2058,1.7439,134.6239
400,0.4,t,{'df': 3},-0.0099,0.1371,-0.004,0.1434,0.0672
400,0.4,t,{'df': 4},0.0291,0.188,-0.0004,0.1923,0.4366
400,0.4,t,{'df': 5},0.0297,0.2208,-0.0005,0.2243,1.2964
400,0.4,t,{'df': 6},0.0175,0.2418,0.0126,0.245,10.4204
400,0.5,beta,"{'a': 0.5, 'b': 0.5}",0.0036,1.3302,0.0144,1.3308,0.2195
400,0.5,beta,"{'a': 1.0, 'b': 1.0}",0.001,1.4972,-0.0219,1.4977,0.3882
400,0.5,beta,"{'a': 2.0, 'b': 2.0}",0.0027,1.6672,0.0314,1.6676,2.1116
400,0.5,beta,"{'a': 4.0, 'b': 4.0}",0.0036,1.7994,0.7583,1.7996,8.03
400,0.5,chisquare,{'df': 2},1.7616,0.1178,0.0045,0.121,0.0685
400,0.5,chisquare,{'df': 8},0.9509,0.0298,-0.0055,0.0322,0.1823
400,0.5,chisquare,{'df': 14},0.7317,0.0172,0.0005,0.0194,0.1204
400,0.5,chisquare,{'df': 20},0.614,0.0119,0.0011,0.0143,0.1853
400,0.5,gamma,"{'shape': 1.0, 'scale': 0.5}",0.6843,0.9978,0.022,1.0008,0.3865
400,0.5,gamma,"{'shape': 1.0, 'scale': 2.0}",1.7616,0.1178,0.0045,0.121,0.0853
400,0.5,gamma,"{'shape': 2.0, 'scale': 4.0}",1.3575,0.0153,0.0017,0.0175,0.0456
400,0.5,gamma,"{'shape': 4.0, 'scale': 2.0}",0.9509,0.0298,-0.0067,0.0322,0.1039
400,0.5,lognormal,"{'mean': 0.0, 'sigma': 1.0}",4.0614,0.1098,-0.002,0.1165,0.0339
400,0.5,lognormal,"{'mean': 0.0, 'sigma': 0.75}",2.2612,0.3206,-0.0026,0.327,0.1271
400,0.5,lognormal,"{'mean': 0.0, 'sigma': 0.5}",0.7875,0.8085,-0.0057,0.8117,0.4336
400,0.5,lognormal,"{'mean': 0.0, 'sigma': 0.25}",0.081,1.5647,0.3764,1.5653,110.3242
400,0.5,t,{'df': 3},-0.0078,0.1663,-0.0062,0.1724,0.0875
400,0.5,t,{'df': 4},0.0271,0.2256,0.0002,0.2295,0.3056
400,0.5,t,{'df': 5},0.0273,0.2628,0.0004,0.2659,1.5823
400,0.5,t,{'df': 6},0.0159,0.2868,0.0141,0.2894,51.1301
400,0.6,beta,"{'a': 0.5, 'b': 0.5}",0.0036,1.2349,0.0154,1.2353,0.2287
400,0.6,beta,"{'a': 1.0, 'b': 1.0}",0.0008,1.3516,-0.0098,1.3519,0.4174
400,0.6,beta,"{'a': 2.0, 'b': 2.0}",0.0029,1.464,0.0334,1.4642,11.8436
400,0.6,beta,"{'a': 4.0, 'b': 4.0}",0.0036,1.5469,0.9019,1.547,25.0922
400,0.6,chisquare,{'df': 2},1.6956,0.1378,0.0039,0.1406,0.0811
400,0.6,chisquare,{'df': 8},0.9409,0.0357,-0.005,0.0377,0.1046
400,0.6,chisquare,{'df': 14},0.7277,0.0206,-0.0011,0.0225,0.1256
400,0.6,chisquare,{'df': 20},0.6116,0.0144,0.0026,0.0164,0.1685
400,0.6,gamma,"{'shape': 1.0, 'scale': 0.5}",0.5079,0.9813,0.012,0.9833,10.9949
400,0.6,gamma,"{'shape': 1.0, 'scale': 2.0}",1.6956,0.1378,0.0029,0.1406,0.0671
400,0.6,gamma,"{'shape': 2.0, 'scale': 4.0}",1.3507,0.0184,0.0011,0.0202,0.0459
400,0.6,gamma,"{'shape': 4.0, 'scale': 2.0}",0.9409,0.0357,-0.002,0.0377,0.103
400,0.6,lognormal,"{'mean': 0.0, 'sigma': 1.0}",3.9318,0.1285,-0.002,0.1353,0.049
400,0.6,lognormal,"{'mean': 0.0, 'sigma': 0.75}",2.0521,0.3588,-0.0029,0.3647,0.1023
400,0.6,lognormal,"{'mean': 0.0, 'sigma': 0.5}",0.6185,0.8232,0.0004,0.8255,0.3322
400,0.6,lognormal,"{'mean': 0.0, 'sigma': 0.25}",0.0529,1.3967,0.4211,1.3971,11.9293
400,0.6,t,{'df': 3},-0.0056,0.1924,-0.0051,0.1984,0.1057
400,0.6,t,{'df': 4},0.0252,0.258,-0.0011,0.2616,0.3136
400,0.6,t,{'df': 5},0.025,0.298,0.0002,0.3008,0.5603
400,0.6,t,{'df': 6},0.0144,0.3237,0.0163,0.326,1.0613
400,0.7,beta,"{'a': 0.5, 'b': 0.5}",0.0035,1.1366,0.0136,1.1369,0.2897
400,0.7,beta,"{'a': 1.0, 'b': 1.0}",0.0008,1.2197,-0.0093,1.2199,0.3574
400,0.7,beta,"{'a': 2.0, 'b': 2.0}",0.0029,1.2969,0.0778,1.297,4.7859
400,0.7,beta,"{'a': 4.0, 'b': 4.0}",0.0035,1.3517,0.8383,1.3518,10.0359
400,0.7,chisquare,{'df': 2},1.6228,0.156,0.0019,0.1586,0.0792
400,0.7,chisquare,{'df': 8},0.9295,0.0415,-0.0055,0.0433,0.1096
400,0.7,chisquare,{'df': 14},0.7231,0.0241,-0.0022,0.0257,0.1163
400,0.7,chisquare,{'df': 20},0.6088,0.0168,0.0027,0.0186,0.4018
400,0.7,gamma,"{'shape': 1.0, 'scale': 0.5}",0.3799,0.9439,0.0148,0.9452,0.4279
400,0.7,gamma,"{'shape': 1.0, 'scale': 2.0}",1.6228,0.156,0.0038,0.1586,0.0743
400,0.7,gamma,"{'shape': 2.0, 'scale': 4.0}",1.3427,0.0214,0.0017,0.023,0.0472
400,0.7,gamma,"{'shape': 4.0, 'scale': 2.0}",0.9295,0.0415,-0.0061,0.0433,0.1109
400,0.7,lognormal,"{'mean': 0.0, 'sigma': 1.0}",3.7885,0.1456,-0.0023,0.1526,0.0491
400,0.7,lognormal,"{'mean': 0.0, 'sigma': 0.75}",1.845,0.3877,-0.0022,0.3931,0.1084
400,0.7,lognormal,"{'mean': 0.0, 'sigma': 0.5}",0.4855,0.8146,0.0011,0.8163,6.8358
400,0.7,lognormal,"{'mean': 0.0, 'sigma': 0.25}",0.0364,1.2509,0.4663,1.2511,15.4625
400,0.7,t,{'df': 3},-0.0035,0.2152,-0.0048,0.2212,0.0658
400,0.7,t,{'df': 4},0.0236,0.2851,-0.0027,0.2883,0.225
400,0.7,t,{'df': 5},0.0228,0.3265,-0.0014,0.3289,0.4192
400,0.7,t,{'df': 6},0.0132,0.3529,0.0135,0.3549,3.069
400,0.8,beta,"{'a': 0.5, 'b': 0.5}",0.0034,1.0445,0.0105,1.0447,0.2762
400,0.8,beta,"{'a': 1.0, 'b': 1.0}",0.0008,1.1052,-0.0144,1.1053,0.4388
400,0.8,beta,"{'a': 2.0, 'b': 2.0}",0.0029,1.1599,0.1063,1.16,59.672
400,0.8,beta,"{'a': 4.0, 'b': 4.0}",0.0034,1.1979,0.7663,1.1979,10.0129
400,0.8,chisquare,{'df': 2},1.5451,0.1725,0.0058,0.1748,0.0958
400,0.8,chisquare,{'df': 8},0.9166,0.0472,-0.0072,0.0487,0.1105
400,0.8,chisquare,{'df': 14},0.7177,0.0274,-0.002,0.0289,0.1451
400,0.8,chisquare,{'df': 20},0.6055,0.0192,0.0052,0.0207,0.2896
400,0.8,gamma,"{'shape': 1.0, 'scale': 0.5}",0.2877,0.8971,0.012,0.898,0.5141
400,0.8,gamma,"{'shape': 1.0, 'scale': 2.0}",1.5451,0.1725,0.0033,0.1748,0.0903
400,0.8,gamma,"{'shape': 2.0, 'scale': 4.0}",1.3336,0.0244,0.002,0.0258,0.0465
400,0.8,gamma,"{'shape': 4.0, 'scale': 2.0}",0.9166,0.0472,-0.0035,0.0487,0.1071
400,0.8,lognormal,"{'mean': 0.0, 'sigma': 1.0}",3.635,0.161,-0.0019,0.1681,0.0361
400,0.8,lognormal,"{'mean': 0.0, 'sigma': 0.75}",1.6472,0.4085,-0.0021,0.4133,0.1899
400,0.8,lognormal,"{'mean': 0.0, 'sigma': 0.5}",0.3828,0.7924,-0.0058,0.7936,8.1036
400,0.8,lognormal,"{'mean': 0.0, 'sigma': 0.25}",0.0263,1.1274,0.5018,1.1275,99.7111
400,0.8,t,{'df': 3},-0.0013,0.2348,-0.0052,0.2406,0.0978
400,0.8,t,{'df': 4},0.022,0.3069,0.0003,0.31,0.4004
400,0.8,t,{'df': 5},0.0209,0.3486,0.0023,0.3508,0.3541
400,0.8,t,{'df': 6},0.012,0.375,0.0144,0.3767,2.6424
1000,0.1,beta,"{'a': 0.5, 'b': 0.5}",-0.0034,0.7388,-0.0053,0.7433,0.2293
1000,0.1,beta,"{'a': 1.0, 'b': 1.0}",-0.0035,1.0628,-0.0004,1.0669,0.252
1000,0.1,beta,"{'a': 2.0, 'b': 2.0}",-0.0043,1.6708,-0.0144,1.6746,0.8634
1000,0.1,beta,"{'a': 4.0, 'b': 4.0}",-0.0014,2.6362,0.1083,2.6397,6.7331
1000,0.1,chisquare,{'df': 2},1.9507,0.025,0.0,0.0296,0.0442
1000,0.1,chisquare,{'df': 8},0.9884,0.0065,-0.0021,0.0104,0.0764
1000,0.1,chisquare,{'df': 14},0.7469,0.0035,-0.004,0.0067,0.0769
1000,0.1,chisquare,{'df': 20},0.6235,0.0025,-0.003,0.0055,0.0706
1000,0.1,gamma,"{'shape': 1.0, 'scale': 0.5}",1.8467,0.388,-0.0056,0.3934,0.2608
1000,0.1,gamma,"{'shape': 1.0, 'scale': 2.0}",1.9507,0.025,-0.0004,0.0296,0.0489
1000,0.1,gamma,"{'shape': 2.0, 'scale': 4.0}",1.3996,0.0029,-0.0002,0.0065,0.0273
1000,0.1,gamma,"{'shape': 4.0, 'scale': 2.0}",0.9884,0.0065,-0.0002,0.0104,0.0701
1000,0.1,lognormal,"{'mean': 0.0, 'sigma': 1.0}",4.8018,0.0219,0.0001,0.0275,0.0411
1000,0.1,lognormal,"{'mean': 0.0, 'sigma': 0.75}",2.9592,0.0748,0.002,0.0809,0.0747
1000,0.1,lognormal,"{'mean': 0.0, 'sigma': 0.5}",1.6271,0.2653,0.0007,0.2714,0.2146
1000,0.1,lognormal,"{'mean': 0.0, 'sigma': 0.25}",0.6205,1.2653,0.0262,1.2705,1.4579
1000,0.1,t,{'df': 3},-0.1425,0.0356,-0.0002,0.0404,0.0649
1000,0.1,t,{'df': 4},0.0921,0.0505,0.0028,0.0558,0.058
1000,0.1,t,{'df': 5},-0.0055,0.0585,0.0054,0.0635,0.5663
1000,0.1,t,{'df': 6},-0.0111,0.0668,0.0057,0.072,0.5895
1000,0.2,beta,"{'a': 0.5, 'b': 0.5}",-0.0041,1.2095,-0.0062,1.211,0.3267
1000,0.2,beta,"{'a': 1.0, 'b': 1.0}",-0.003,1.616,-0.0104,1.6174,0.652
1000,0.2,beta,"{'a': 2.0, 'b': 2.0}",-0.0034,2.2206,-0.0135,2.2218,0.5285
1000,0.2,beta,"{'a': 4.0, 'b': 4.0}",-0.0004,2.9462,0.0972,2.9471,2.5203
1000,0.2,chisquare,{'df': 2},1.9293,0.0499,0.0003,0.0523,0.0561
1000,0.2,chisquare,{'df': 8},0.9858,0.0127,-0.0038,0.015,0.0678
1000,0.2,chisquare,{'df': 14},0.7455,0.0071,-0.0057,0.0091,0.0758
1000,0.2,chisquare,{'df': 20},0.6228,0.005,-0.0043,0.007,0.0715
1000,0.2,gamma,"{'shape': 1.0, 'scale': 0.5}",1.5682,0.6954,-0.0028,0.6987,0.1823
1000,0.2,gamma,"{'shape': 1.0, 'scale': 2.0}",1.9293,0.0499,-0.0007,0.0523,0.0634
1000,0.2,gamma,"{'shape': 2.0, 'scale': 4.0}",1.3976,0.0061,-0.0001,0.0084,0.0278
1000,0.2,gamma,"{'shape': 4.0, 'scale': 2.0}",0.9858,0.0127,-0.0018,0.015,0.0723
1000,0.2,lognormal,"{'mean': 0.0, 'sigma': 1.0}",4.7561,0.0445,-0.0002,0.0482,0.0564
1000,0.2,lognormal,"{'mean': 0.0, 'sigma': 0.75}",2.862,0.148,0.0012,0.1519,0.0939
1000,0.2,lognormal,"{'mean': 0.0, 'sigma': 0.5}",1.4483,0.4938,-0.0026,0.4973,0.2127
1000,0.2,lognormal,"{'mean': 0.0, 'sigma': 0.25}",0.3804,1.8367,0.0238,1.8387,15.5768
1000,0.2,t,{'df': 3},-0.143,0.0703,-0.0002,0.0735,0.0547
1000,0.2,t,{'df': 4},0.0893,0.099,0.0016,0.1022,0.0851
1000,0.2,t,{'df': 5},-0.0064,0.116,0.0035,0.1188,0.2656
1000,0.2,t,{'df': 6},-0.0114,0.13,0.0094,0.1328,1.3161
1000,0.3,beta,"{'a': 0.5, 'b': 0.5}",-0.0039,1.3931,-0.0055,1.3938,0.1278
1000,0.3,beta,"{'a': 1.0, 'b': 1.0}",-0.0015,1.728,0.0033,1.7287,374.5296
1000,0.3,beta,"{'a': 2.0, 'b': 2.0}",-0.0019,2.1402,-0.0127,2.1407,1.2021
1000,0.3,beta,"{'a': 4.0, 'b': 4.0}",0.0005,2.5456,0.1358,2.5459,3.0155
1000,0.3,chisquare,{'df': 2},1.8942,0.074,-0.001,0.0757,0.0458
1000,0.3,chisquare,{'df': 8},0.9814,0.0189,-0.0042,0.0205,0.0679
1000,0.3,chisquare,{'df': 14},0.7434,0.0106,-0.004,0.0121,0.0797
1000,0.3,chisquare,{'df': 20},0.6217,0.0075,-0.003,0.0089,0.0725
1000,0.3,gamma,"{'shape': 1.0, 'scale': 0.5}",1.2364,0.8885,-0.0042,0.8909,0.2054
1000,0.3,gamma,"{'shape': 1.0, 'scale': 2.0}",1.8942,0.074,-0.0004,0.0757,0.0515
1000,0.3,gamma,"{'shape': 2.0, 'scale': 4.0}",1.3943,0.0092,-0.0009,0.0108,0.0287
1000,0.3,gamma,"{'shape': 4.0, 'scale': 2.0}",0.9814,0.0189,-0.0024,0.0205,0.0695
1000,0.3,lognormal,"{'mean': 0.0, 'sigma': 1.0}",4.6813,0.0664,0.0005,0.0697,0.0567
1000,0.3,lognormal,"{'mean': 0.0, 'sigma': 0.75}",2.7116,0.2147,0.0016,0.218,0.1235
1000,0.3,lognormal,"{'mean': 0.0, 'sigma': 0.5}",1.2151,0.6601,0.0017,0.6626,0.2544
1000,0.3,lognormal,"{'mean': 0.0, 'sigma': 0.25}",0.2151,1.8889,0.0961,1.8897,27.1367
1000,0.3,t,{'df': 3},-0.1426,0.1035,-0.0008,0.1063,0.0573
1000,0.3,t,{'df': 4},0.0861,0.1446,0.0019,0.1472,0.0654
1000,0.3,t,{'df': 5},-0.007,0.1696,0.003,0.1716,0.1731
1000,0.3,t,{'df': 6},-0.0114,0.1884,0.0054,0.1903,0.2256
1000,0.4,beta,"{'a': 0.5, 'b': 0.5}",-0.0033,1.4019,-0.0065,1.4023,5.1339
1000,0.4,beta,"{'a': 1.0, 'b': 1.0}",-0.0,1.6427,0.0009,1.6431,0.2063
1000,0.4,beta,"{'a': 2.0, 'b': 2.0}",-0.0007,1.9024,-0.0122,1.9026,0.7289
1000,0.4,beta,"{'a': 4.0, 'b': 4.0}",0.0012,2.1297,0.1357,2.1298,5.0971
1000,0.4,chisquare,{'df': 2},1.8467,0.097,-0.0008,0.0984,0.0506
1000,0.4,chisquare,{'df': 8},0.9752,0.025,-0.004,0.0262,0.0717
1000,0.4,chisquare,{'df': 14},0.7405,0.0141,-0.0044,0.0152,0.0776
1000,0.4,chisquare,{'df': 20},0.6201,0.0099,0.0009,0.0111,0.0718
1000,0.4,gamma,"{'shape': 1.0, 'scale': 0.5}",0.9355,0.9809,-0.0014,0.9826,0.1775
1000,0.4,gamma,"{'shape': 1.0, 'scale': 2.0}",1.8467,0.097,-0.0011,0.0984,0.0545
1000,0.4,gamma,"{'shape': 2.0, 'scale': 4.0}",1.3897,0.0123,-0.0001,0.0136,0.0339
1000,0.4,gamma,"{'shape': 4.0, 'scale': 2.0}",0.9752,0.025,-0.0022,0.0262,0.0733
1000,0.4,lognormal,"{'mean': 0.0, 'sigma': 1.0}",4.58,0.0874,0.0001,0.0907,0.043
1000,0.4,lognormal,"{'mean': 0.0, 'sigma': 0.75}",2.5224,0.2729,0.0005,0.276,0.1197
1000,0.4,lognormal,"{'mean': 0.0, 'sigma': 0.5}",0.9795,0.763,0.0012,0.7648,0.1983
1000,0.4,lognormal,"{'mean': 0.0, 'sigma': 0.25}",0.1245,1.7484,0.1172,1.7489,27.2359
1000,0.4,t,{'df': 3},-0.1413,0.1347,-0.0008,0.1375,0.0761
1000,0.4,t,{'df': 4},0.0825,0.1863,0.001,0.1885,0.0788
1000,0.4,t,{'df': 5},-0.0072,0.2179,0.0032,0.2195,0.1668
1000,0.4,t,{'df': 6},-0.011,0.2403,0.0093,0.2418,0.3295
1000,0.5,beta,"{'a': 0.5, 'b': 0.5}",-0.0025,1.3322,-0.0048,1.3325,0.5177
1000,0.5,beta,"{'a': 1.0, 'b': 1.0}",0.001,1.4997,-0.0022,1.4999,0.301
1000,0.5,beta,"{'a': 2.0, 'b': 2.0}",0.0002,1.6648,-0.0063,1.6649,0.557
1000,0.5,beta,"{'a': 4.0, 'b': 4.0}",0.0016,1.7999,0.1606,1.8,8.2567
1000,0.5,chisquare,{'df': 2},1.7885,0.1187,-0.0005,0.1198,0.0703
1000,0.5,chisquare,{'df': 8},0.9673,0.031,-0.0033,0.032,0.0693
1000,0.5,chisquare,{'df': 14},0.7369,0.0176,-0.0028,0.0185,0.0731
1000,0.5,chisquare,{'df': 20},0.6181,0.0124,0.0012,0.0133,0.0755
1000,0.5,gamma,"{'shape': 1.0, 'scale': 0.5}",0.6968,1.0043,-0.005,1.0054,0.713
1000,0.5,gamma,"{'shape': 1.0, 'scale': 2.0}",1.7885,0.1187,-0.0005,0.1198,0.0549
1000,0.5,gamma,"{'shape': 2.0, 'scale': 4.0}",1.3838,0.0153,-0.0004,0.0164,0.03
1000,0.5,gamma,"{'shape': 4.0, 'scale': 2.0}",0.9673,0.031,-0.0012,0.032,0.0728
1000,0.5,lognormal,"{'mean': 0.0, 'sigma': 1.0}",4.4551,0.1073,-0.0001,0.1106,0.0642
1000,0.5,lognormal,"{'mean': 0.0, 'sigma': 0.75}",2.3099,0.3215,0.0021,0.3243,0.0983
1000,0.5,lognormal,"{'mean': 0.0, 'sigma': 0.5}",0.7721,0.8141,-0.0017,0.8155,0.2074
1000,0.5,lognormal,"{'mean': 0.0, 'sigma': 0.25}",0.0762,1.5687,0.1376,1.569,14.4988
1000,0.5,t,{'df': 3},-0.1392,0.1632,-0.001,0.1661,0.0344
1000,0.5,t,{'df': 4},0.0786,0.2232,0.0018,0.2253,0.0905
1000,0.5,t,{'df': 5},-0.0071,0.2598,0.0033,0.2612,0.1404
1000,0.5,t,{'df': 6},-0.0104,0.2848,0.0068,0.286,0.1749
1000,0.6,beta,"{'a': 0.5, 'b': 0.5}",-0.0017,1.2364,-0.0066,1.2365,0.2358
1000,0.6,beta,"{'a': 1.0, 'b': 1.0}",0.0017,1.3534,-0.001,1.3535,0.2707
1000,0.6,beta,"{'a': 2.0, 'b': 2.0}",0.0008,1.4619,-0.0144,1.462,0.9257
1000,0.6,beta,"{'a': 4.0, 'b': 4.0}",0.0019,1.5473,0.2119,1.5473,12.588
1000,0.6,chisquare,{'df': 2},1.7213,0.1388,-0.0006,0.1398,0.0542
1000,0.6,chisquare,{'df': 8},0.9578,0.0369,-0.0023,0.0377,0.0742
1000,0.6,chisquare,{'df': 14},0.7326,0.0211,-0.0066,0.0218,0.0778
1000,0.6,chisquare,{'df': 20},0.6156,0.0148,-0.0032,0.0156,0.0747
1000,0.6,gamma,"{'shape': 1.0, 'scale': 0.5}",0.5193,0.9869,-0.0027,0.9877,7.842
1000,0.6,gamma,"{'shape': 1.0, 'scale': 2.0}",1.7213,0.1388,-0.0019,0.1398,0.0649
1000,0.6,gamma,"{'shape': 2.0, 'scale': 4.0}",1.3767,0.0184,-0.0002,0.0193,0.03
1000,0.6,gamma,"{'shape': 4.0, 'scale': 2.0}",0.9578,0.0369,-0.0006,0.0377,0.0742
1000,0.6,lognormal,"{'mean': 0.0, 'sigma': 1.0}",4.3102,0.1259,-0.0002,0.1292,0.0537
1000,0.6,lognormal,"{'mean': 0.0, 'sigma': 0.75}",2.0883,0.3603,0.0011,0.3629,0.1257
1000,0.6,lognormal,"{'mean': 0.0, 'sigma': 0.5}",0.6029,0.8287,0.003,0.8296,0.5269
1000,0.6,lognormal,"{'mean': 0.0, 'sigma': 0.25}",0.0495,1.3996,0.1794,1.3998,5.1366
1000,0.6,t,{'df': 3},-0.1364,0.1889,-0.0008,0.1918,0.066
1000,0.6,t,{'df': 4},0.0746,0.2552,0.0021,0.2571,0.0829
1000,0.6,t,{'df': 5},-0.0068,0.295,0.004,0.2962,0.1389
1000,0.6,t,{'df': 6},-0.0095,0.3214,0.0044,0.3224,0.1732
1000,0.7,beta,"{'a': 0.5, 'b': 0.5}",-0.0011,1.1377,-0.0052,1.1378,0.133
1000,0.7,beta,"{'a': 1.0, 'b': 1.0}",0.0022,1.2211,0.0069,1.2212,0.2404
1000,0.7,beta,"{'a': 2.0, 'b': 2.0}",0.0013,1.2951,-0.0178,1.2952,2.7563
1000,0.7,beta,"{'a': 4.0, 'b': 4.0}",0.0021,1.352,0.2215,1.352,10.0762
1000,0.7,chisquare,{'df': 2},1.6472,0.1572,-0.0,0.1582,0.0585
1000,0.7,chisquare,{'df': 8},0.9467,0.0427,-0.0014,0.0434,0.0762
1000,0.7,chisquare,{'df': 14},0.7275,0.0245,-0.0018,0.0251,0.0745
1000,0.7,chisquare,{'df': 20},0.6127,0.0173,-0.0036,0.0179,0.0755
1000,0.7,gamma,"{'shape': 1.0, 'scale': 0.5}",0.3907,0.9484,-0.0006,0.949,2.138
1000,0.7,gamma,"{'shape': 1.0, 'scale': 2.0}",1.6472,0.1572,-0.0007,0.1582,0.0585
1000,0.7,gamma,"{'shape': 2.0, 'scale': 4.0}",1.3684,0.0214,-0.0005,0.0222,0.0324
1000,0.7,gamma,"{'shape': 4.0, 'scale': 2.0}",0.9467,0.0427,-0.0013,0.0434,0.0729
1000,0.7,lognormal,"{'mean': 0.0, 'sigma': 1.0}",4.1493,0.143,-0.0003,0.1464,0.0407
1000,0.7,lognormal,"{'mean': 0.0, 'sigma': 0.75}",1.8692,0.3899,0.0011,0.3922,0.0641
1000,0.7,lognormal,"{'mean': 0.0, 'sigma': 0.5}",0.4706,0.8197,-0.0006,0.8204,11.0782
1000,0.7,lognormal,"{'mean': 0.0, 'sigma': 0.25}",0.034,1.253,0.1788,1.2531,21.8083
1000,0.7,t,{'df': 3},-0.133,0.2115,-0.0005,0.2144,0.0548
1000,0.7,t,{'df': 4},0.0705,0.2819,0.0019,0.2837,0.09
1000,0.7,t,{'df': 5},-0.0063,0.3236,0.0034,0.3246,0.0984
1000,0.7,t,{'df': 6},-0.0086,0.3504,0.0064,0.3513,0.1691
1000,0.8,beta,"{'a': 0.5, 'b': 0.5}",-0.0005,1.0454,-0.0066,1.0454,0.1393
1000,0.8,beta,"{'a': 1.0, 'b': 1.0}",0.0026,1.1062,-0.0006,1.1063,0.2262
1000,0.8,beta,"{'a': 2.0, 'b': 2.0}",0.0016,1.1585,-0.0091,1.1585,1.9169
1000,0.8,beta,"{'a': 4.0, 'b': 4.0}",0.0023,1.1981,0.3073,1.1981,12.9539
1000,0.8,chisquare,{'df': 2},1.5682,0.1739,-0.0007,0.1747,0.0469
1000,0.8,chisquare,{'df': 8},0.9341,0.0483,-0.004,0.0489,0.0771
1000,0.8,chisquare,{'df': 14},0.7217,0.0279,-0.0036,0.0284,0.0749
1000,0.8,chisquare,{'df': 20},0.6094,0.0197,-0.0027,0.0202,0.0741
1000,0.8,gamma,"{'shape': 1.0, 'scale': 0.5}",0.2981,0.9008,-0.0038,0.9012,0.3117
1000,0.8,gamma,"{'shape': 1.0, 'scale': 2.0}",1.5682,0.1739,-0.0009,0.1747,0.0815
1000,0.8,gamma,"{'shape': 2.0, 'scale': 4.0}",1.3589,0.0244,-0.001,0.025,0.0331
1000,0.8,gamma,"{'shape': 4.0, 'scale': 2.0}",0.9341,0.0483,-0.0019,0.0489,0.0762
1000,0.8,lognormal,"{'mean': 0.0, 'sigma': 1.0}",3.9763,0.1585,0.0002,0.1619,0.048
1000,0.8,lognormal,"{'mean': 0.0, 'sigma': 0.75}",1.6606,0.4111,0.0014,0.4131,0.2771
1000,0.8,lognormal,"{'mean': 0.0, 'sigma': 0.5}",0.3693,0.7969,0.0025,0.7974,1.4385
1000,0.8,lognormal,"{'mean': 0.0, 'sigma': 0.25}",0.0245,1.129,0.2768,1.1291,43.9921
1000,0.8,t,{'df': 3},-0.1292,0.231,-0.001,0.2339,0.0945
1000,0.8,t,{'df': 4},0.0663,0.3036,0.0007,0.3052,0.0896
1000,0.8,t,{'df': 5},-0.0057,0.3459,0.0042,0.3468,0.172
1000,0.8,t,{'df': 6},-0.0076,0.3723,0.0088,0.3731,0.1819
4000,0.1,beta,"{'a': 0.5, 'b': 0.5}",-0.0001,0.7408,-0.0007,0.7418,0.1767
4000,0.1,beta,"{'a': 1.0, 'b': 1.0}",-0.0004,1.0713,0.0042,1.0722,0.3662
4000,0.1,beta,"{'a': 2.0, 'b': 2.0}",0.0007,1.664,0.0037,1.665,0.3153
4000,0.1,beta,"{'a': 4.0, 'b': 4.0}",-0.0002,2.6449,0.0142,2.6457,0.7633
4000,0.1,chisquare,{'df': 2},1.9876,0.0252,0.0014,0.0264,0.0557
4000,0.1,chisquare,{'df': 8},0.9935,0.0064,0.0014,0.0075,0.0442
4000,0.1,chisquare,{'df': 14},0.7521,0.0035,-0.0005,0.0045,0.0461
4000,0.1,chisquare,{'df': 20},0.6292,0.0025,0.002,0.0035,0.0501
4000,0.1,gamma,"{'shape': 1.0, 'scale': 0.5}",1.881,0.3859,0.004,0.3873,0.2432
4000,0.1,gamma,"{'shape': 1.0, 'scale': 2.0}",1.9876,0.0252,0.0012,0.0264,0.0392
4000,0.1,gamma,"{'shape': 2.0, 'scale': 4.0}",1.4052,0.0035,0.0005,0.0044,0.0224
4000,0.1,gamma,"{'shape': 4.0, 'scale': 2.0}",0.9935,0.0064,0.002,0.0075,0.038
4000,0.1,lognormal,"{'mean': 0.0, 'sigma': 1.0}",5.6009,0.0218,0.0006,0.0232,0.05
4000,0.1,lognormal,"{'mean': 0.0, 'sigma': 0.75}",3.1595,0.0753,0.0,0.0767,0.0893
4000,0.1,lognormal,"{'mean': 0.0, 'sigma': 0.5}",1.6686,0.2671,0.0016,0.2686,0.1293
4000,0.1,lognormal,"{'mean': 0.0, 'sigma': 0.25}",0.631,1.2722,0.0583,1.2735,0.6884
4000,0.1,t,{'df': 3},0.0325,0.0335,-0.0012,0.035,0.0562
4000,0.1,t,{'df': 4},-0.0115,0.0494,-0.0017,0.0507,0.0549
4000,0.1,t,{'df': 5},-0.0304,0.0588,0.0015,0.06,0.0586
4000,0.1,t,{'df': 6},-0.0058,0.0647,-0.0012,0.0659,0.0903
4000,0.2,beta,"{'a': 0.5, 'b': 0.5}",-0.0001,1.2124,-0.0007,1.2127,0.1007
4000,0.2,beta,"{'a': 1.0, 'b': 1.0}",0.0002,1.6224,0.0032,1.6227,0.7959
4000,0.2,beta,"{'a': 2.0, 'b': 2.0}",0.0014,2.2225,0.005,2.2228,0.2516
4000,0.2,beta,"{'a': 4.0, 'b': 4.0}",0.0002,2.95,0.0373,2.9502,1.4931
4000,0.2,chisquare,{'df': 2},1.9655,0.0498,0.0011,0.0504,0.0538
4000,0.2,chisquare,{'df': 8},0.9907,0.0126,0.0023,0.0132,0.0356
4000,0.2,chisquare,{'df': 14},0.7508,0.0071,-0.0003,0.0076,0.0442
4000,0.2,chisquare,{'df': 20},0.6286,0.005,0.002,0.0056,0.0508
4000,0.2,gamma,"{'shape': 1.0, 'scale': 0.5}",1.597,0.6908,0.0058,0.6917,0.1455
4000,0.2,gamma,"{'shape': 1.0, 'scale': 2.0}",1.9655,0.0498,0.0006,0.0504,0.0638
4000,0.2,gamma,"{'shape': 2.0, 'scale': 4.0}",1.4033,0.0066,0.0008,0.0071,0.0149
4000,0.2,gamma,"{'shape': 4.0, 'scale': 2.0}",0.9907,0.0126,0.0025,0.0132,0.0357
4000,0.2,lognormal,"{'mean': 0.0, 'sigma': 1.0}",5.5488,0.0435,0.0002,0.0445,0.0358
4000,0.2,lognormal,"{'mean': 0.0, 'sigma': 0.75}",3.0569,0.1477,0.0001,0.1487,0.1036
4000,0.2,lognormal,"{'mean': 0.0, 'sigma': 0.5}",1.487,0.4958,-0.0007,0.4967,0.1028
4000,0.2,lognormal,"{'mean': 0.0, 'sigma': 0.25}",0.3886,1.8435,0.0202,1.844,0.7747
4000,0.2,t,{'df': 3},0.0324,0.0668,-0.0009,0.0679,0.0399
4000,0.2,t,{'df': 4},-0.0118,0.0978,-0.002,0.0985,0.0564
4000,0.2,t,{'df': 5},-0.0295,0.1164,0.0018,0.117,0.0739
4000,0.2,t,{'df': 6},-0.0055,0.1283,-0.0017,0.1289,0.0394
4000,0.3,beta,"{'a': 0.5, 'b': 0.5}",0.0002,1.3956,-0.0008,1.3958,0.0615
4000,0.3,beta,"{'a': 1.0, 'b': 1.0}",0.001,1.7317,0.0041,1.7319,3.4234
4000,0.3,beta,"{'a': 2.0, 'b': 2.0}",0.0019,2.1439,0.0023,2.144,0.8429
4000,0.3,beta,"{'a': 4.0, 'b': 4.0}",0.0008,2.5469,0.0103,2.547,0.8141
4000,0.3,chisquare,{'df': 2},1.9295,0.0737,0.0006,0.0741,0.0425
4000,0.3,chisquare,{'df': 8},0.9861,0.0188,0.0028,0.0192,0.0389
4000,0.3,chisquare,{'df': 14},0.7487,0.0107,-0.0014,0.011,0.0465
4000,0.3,chisquare,{'df': 20},0.6274,0.0075,0.0007,0.0079,0.0514
4000,0.3,gamma,"{'shape': 1.0, 'scale': 0.5}",1.2587,0.8832,0.0056,0.8838,0.3065
4000,0.3,gamma,"{'shape': 1.0, 'scale': 2.0}",1.9295,0.0737,0.0009,0.0741,0.0559
4000,0.3,gamma,"{'shape': 2.0, 'scale': 4.0}",1.4001,0.0097,0.0007,0.0101,0.0226
4000,0.3,gamma,"{'shape': 4.0, 'scale': 2.0}",0.9861,0.0188,0.002,0.0192,0.0388
4000,0.3,lognormal,"{'mean': 0.0, 'sigma': 1.0}",5.4635,0.0646,0.0005,0.0656,0.0489
4000,0.3,lognormal,"{'mean': 0.0, 'sigma': 0.75}",2.8973,0.2139,0.0005,0.2148,0.0844
4000,0.3,lognormal,"{'mean': 0.0, 'sigma': 0.5}",1.2488,0.6621,-0.0001,0.6627,0.197
4000,0.3,lognormal,"{'mean': 0.0, 'sigma': 0.25}",0.2205,1.8935,0.0354,1.8938,6.2947
4000,0.3,t,{'df': 3},0.0319,0.0987,-0.0012,0.0998,0.0735
4000,0.3,t,{'df': 4},-0.0118,0.1433,-0.002,0.1439,0.0669
4000,0.3,t,{'df': 5},-0.0281,0.17,0.0017,0.1705,0.0636
4000,0.3,t,{'df': 6},-0.0052,0.1871,-0.0024,0.1875,0.1194
4000,0.4,beta,"{'a': 0.5, 'b': 0.5}",0.0006,1.4038,-0.0012,1.4039,0.0621
4000,0.4,beta,"{'a': 1.0, 'b': 1.0}",0.0016,1.6447,0.0029,1.6447,0.3787
4000,0.4,beta,"{'a': 2.0, 'b': 2.0}",0.0022,1.9058,0.004,1.9059,0.4283
4000,0.4,beta,"{'a': 4.0, 'b': 4.0}",0.0013,2.1301,0.0227,2.1302,12.029
4000,0.4,chisquare,{'df': 2},1.881,0.0965,0.001,0.0968,0.0588
4000,0.4,chisquare,{'df': 8},0.9797,0.0249,0.0022,0.0252,0.0412
4000,0.4,chisquare,{'df': 14},0.7459,0.0142,-0.0004,0.0145,0.0446
4000,0.4,chisquare,{'df': 20},0.6258,0.01,0.0018,0.0103,0.0493
4000,0.4,gamma,"{'shape': 1.0, 'scale': 0.5}",0.9515,0.9761,0.0037,0.9765,0.3401
4000,0.4,gamma,"{'shape': 1.0, 'scale': 2.0}",1.881,0.0965,0.0009,0.0968,0.0479
4000,0.4,gamma,"{'shape': 2.0, 'scale': 4.0}",1.3956,0.0128,0.0007,0.0131,0.0179
4000,0.4,gamma,"{'shape': 4.0, 'scale': 2.0}",0.9797,0.0249,0.0022,0.0252,0.0391
4000,0.4,lognormal,"{'mean': 0.0, 'sigma': 1.0}",5.3474,0.0849,0.0005,0.0859,0.0515
4000,0.4,lognormal,"{'mean': 0.0, 'sigma': 0.75}",2.6959,0.2717,0.0005,0.2726,0.045
4000,0.4,lognormal,"{'mean': 0.0, 'sigma': 0.5}",1.0075,0.7649,0.0011,0.7654,0.0946
4000,0.4,lognormal,"{'mean': 0.0, 'sigma': 0.25}",0.1278,1.7514,0.0521,1.7515,5.3355
4000,0.4,t,{'df': 3},0.0309,0.1288,-0.0009,0.1299,0.0505
4000,0.4,t,{'df': 4},-0.0116,0.185,-0.0019,0.1855,0.0524
4000,0.4,t,{'df': 5},-0.0265,0.2183,0.0015,0.2187,0.0943
4000,0.4,t,{'df': 6},-0.0048,0.2394,-0.0016,0.2398,0.0798
4000,0.5,beta,"{'a': 0.5, 'b': 0.5}",0.0009,1.3335,-0.0005,1.3336,0.5034
4000,0.5,beta,"{'a': 1.0, 'b': 1.0}",0.002,1.5007,0.0028,1.5007,0.2529
4000,0.5,beta,"{'a': 2.0, 'b': 2.0}",0.0024,1.6675,0.0026,1.6675,0.2204
4000,0.5,beta,"{'a': 4.0, 'b': 4.0}",0.0016,1.8,0.0321,1.8,0.7902
4000,0.5,chisquare,{'df': 2},1.8216,0.118,0.0014,0.1183,0.0563
4000,0.5,chisquare,{'df': 8},0.9716,0.031,0.0025,0.0312,0.035
4000,0.5,chisquare,{'df': 14},0.7422,0.0177,-0.0014,0.0179,0.0446
4000,0.5,chisquare,{'df': 20},0.6237,0.0124,0.0019,0.0127,0.0489
4000,0.5,gamma,"{'shape': 1.0, 'scale': 0.5}",0.7076,1.0002,0.0054,1.0005,0.1291
4000,0.5,gamma,"{'shape': 1.0, 'scale': 2.0}",1.8216,0.118,0.0009,0.1183,0.0464
4000,0.5,gamma,"{'shape': 2.0, 'scale': 4.0}",1.3898,0.0159,0.0007,0.0161,0.0152
4000,0.5,gamma,"{'shape': 4.0, 'scale': 2.0}",0.9716,0.031,0.0016,0.0312,0.0411
4000,0.5,lognormal,"{'mean': 0.0, 'sigma': 1.0}",5.2041,0.1042,0.0005,0.1053,0.0205
4000,0.5,lognormal,"{'mean': 0.0, 'sigma': 0.75}",2.4691,0.3201,0.0006,0.3209,0.1398
4000,0.5,lognormal,"{'mean': 0.0, 'sigma': 0.5}",0.7947,0.8159,0.0002,0.8162,0.4564
4000,0.5,lognormal,"{'mean': 0.0, 'sigma': 0.25}",0.0782,1.5706,0.042,1.5706,2.2639
4000,0.5,t,{'df': 3},0.0296,0.1564,-0.0009,0.1577,0.0486
4000,0.5,t,{'df': 4},-0.0113,0.2221,-0.0017,0.2225,0.0406
4000,0.5,t,{'df': 5},-0.0246,0.2603,0.0015,0.2606,0.0686
4000,0.5,t,{'df': 6},-0.0043,0.2843,-0.0026,0.2845,0.1138
4000,0.6,beta,"{'a': 0.5, 'b': 0.5}",0.0012,1.2373,-0.0008,1.2373,0.0619
4000,0.6,beta,"{'a': 1.0, 'b': 1.0}",0.0022,1.3539,0.0029,1.3539,0.1245
4000,0.6,beta,"{'a': 2.0, 'b': 2.0}",0.0025,1.4641,-0.0048,1.4641,0.2262
4000,0.6,beta,"{'a': 4.0, 'b': 4.0}",0.0018,1.5473,0.0165,1.5473,0.7919
4000,0.6,chisquare,{'df': 2},1.7531,0.1379,0.0013,0.1382,0.0642
4000,0.6,chisquare,{'df': 8},0.9618,0.0369,0.0021,0.0371,0.0444
4000,0.6,chisquare,{'df': 14},0.7378,0.0212,0.0006,0.0213,0.0437
4000,0.6,chisquare,{'df': 20},0.6212,0.0149,0.0022,0.0151,0.0507
4000,0.6,gamma,"{'shape': 1.0, 'scale': 0.5}",0.5261,0.9836,0.0047,0.9839,0.0738
4000,0.6,gamma,"{'shape': 1.0, 'scale': 2.0}",1.7531,0.1379,0.0011,0.1382,0.0409
4000,0.6,gamma,"{'shape': 2.0, 'scale': 4.0}",1.3828,0.0189,0.0007,0.0191,0.0172
4000,0.6,gamma,"{'shape': 4.0, 'scale': 2.0}",0.9618,0.0369,0.0025,0.0371,0.0414
4000,0.6,lognormal,"{'mean': 0.0, 'sigma': 1.0}",5.0375,0.1222,0.0005,0.1233,0.0378
4000,0.6,lognormal,"{'mean': 0.0, 'sigma': 0.75}",2.2324,0.3588,0.0009,0.3596,0.0891
4000,0.6,lognormal,"{'mean': 0.0, 'sigma': 0.5}",0.621,0.8301,-0.0,0.8304,149.2331
4000,0.6,lognormal,"{'mean': 0.0, 'sigma': 0.25}",0.0507,1.4008,0.0503,1.4009,27.5469
4000,0.6,t,{'df': 3},0.028,0.1815,-0.0009,0.1828,0.0714
4000,0.6,t,{'df': 4},-0.0109,0.2541,-0.0019,0.2545,0.0302
4000,0.6,t,{'df': 5},-0.0226,0.2955,0.002,0.2958,0.1122
4000,0.6,t,{'df': 6},-0.0038,0.3212,-0.0021,0.3215,0.0399
4000,0.7,beta,"{'a': 0.5, 'b': 0.5}",0.0014,1.1383,-0.0011,1.1384,0.2055
4000,0.7,beta,"{'a': 1.0, 'b': 1.0}",0.0024,1.2213,0.0055,1.2213,0.1937
4000,0.7,beta,"{'a': 2.0, 'b': 2.0}",0.0025,1.2968,-0.0016,1.2968,0.2499
4000,0.7,beta,"{'a': 4.0, 'b': 4.0}",0.0019,1.352,0.0142,1.352,7.9914
4000,0.7,chisquare,{'df': 2},1.6776,0.1562,0.0012,0.1564,0.0652
4000,0.7,chisquare,{'df': 8},0.9505,0.0427,0.0015,0.0428,0.043
4000,0.7,chisquare,{'df': 14},0.7327,0.0246,0.0003,0.0247,0.0443
4000,0.7,chisquare,{'df': 20},0.6182,0.0173,0.0021,0.0175,0.0489
4000,0.7,gamma,"{'shape': 1.0, 'scale': 0.5}",0.3947,0.9459,0.0053,0.946,0.2489
4000,0.7,gamma,"{'shape': 1.0, 'scale': 2.0}",1.6776,0.1562,0.0009,0.1564,0.0737
4000,0.7,gamma,"{'shape': 2.0, 'scale': 4.0}",1.3746,0.0219,0.0006,0.0221,0.0154
4000,0.7,gamma,"{'shape': 4.0, 'scale': 2.0}",0.9505,0.0427,0.0023,0.0428,0.0384
4000,0.7,lognormal,"{'mean': 0.0, 'sigma': 1.0}",4.852,0.1389,0.0004,0.1401,0.0507
4000,0.7,lognormal,"{'mean': 0.0, 'sigma': 0.75}",1.9981,0.3884,0.0005,0.3891,0.0414
4000,0.7,lognormal,"{'mean': 0.0, 'sigma': 0.5}",0.4851,0.8209,0.0003,0.8211,0.6516
4000,0.7,lognormal,"{'mean': 0.0, 'sigma': 0.25}",0.0346,1.2538,0.0799,1.2539,4.2528
4000,0.7,t,{'df': 3},0.0262,0.2037,-0.001,0.205,0.0582
4000,0.7,t,{'df': 4},-0.0104,0.281,-0.0019,0.2814,0.1184
4000,0.7,t,{'df': 5},-0.0206,0.3241,0.0014,0.3244,0.0981
4000,0.7,t,{'df': 6},-0.0033,0.3505,-0.003,0.3508,0.1317
4000,0.8,beta,"{'a': 0.5, 'b': 0.5}",0.0016,1.0458,-0.0011,1.0459,0.1201
4000,0.8,beta,"{'a': 1.0, 'b': 1.0}",0.0025,1.1063,0.0033,1.1063,0.1177
4000,0.8,beta,"{'a': 2.0, 'b': 2.0}",0.0026,1.1598,0.0025,1.1599,0.2433
4000,0.8,beta,"{'a': 4.0, 'b': 4.0}",0.002,1.198,0.0274,1.198,6.3205
4000,0.8,chisquare,{'df': 2},1.597,0.1727,0.0008,0.1729,0.0422
4000,0.8,chisquare,{'df': 8},0.9377,0.0483,0.0024,0.0485,0.0374
4000,0.8,chisquare,{'df': 14},0.7269,0.028,0.0007,0.0281,0.0439
4000,0.8,chisquare,{'df': 20},0.6148,0.0197,0.0015,0.0199,0.0528
4000,0.8,gamma,"{'shape': 1.0, 'scale': 0.5}",0.3001,0.8988,0.0052,0.8989,0.2852
4000,0.8,gamma,"{'shape': 1.0, 'scale': 2.0}",1.597,0.1727,0.0012,0.1729,0.0415
4000,0.8,gamma,"{'shape': 2.0, 'scale': 4.0}",1.3652,0.0249,0.0009,0.0251,0.0236
4000,0.8,gamma,"{'shape': 4.0, 'scale': 2.0}",0.9377,0.0483,0.002,0.0485,0.037
4000,0.8,lognormal,"{'mean': 0.0, 'sigma': 1.0}",4.6519,0.1541,0.0005,0.1553,0.0489
4000,0.8,lognormal,"{'mean': 0.0, 'sigma': 0.75}",1.7748,0.4098,0.0002,0.4104,0.2202
4000,0.8,lognormal,"{'mean': 0.0, 'sigma': 0.5}",0.3809,0.7979,0.0014,0.798,0.6899
4000,0.8,lognormal,"{'mean': 0.0, 'sigma': 0.25}",0.0248,1.1295,0.0825,1.1295,3.3443
4000,0.8,t,{'df': 3},0.0242,0.223,-0.0011,0.2244,0.0928
4000,0.8,t,{'df': 4},-0.0098,0.3029,-0.0019,0.3033,0.0777
4000,0.8,t,{'df': 5},-0.0187,0.3464,0.0015,0.3466,0.1458
4000,0.8,t,{'df': 6},-0.0028,0.3728,-0.0027,0.3729,0.1991
10000,0.1,beta,"{'a': 0.5, 'b': 0.5}",-0.0001,0.7406,0.0005,0.741,0.1744
10000,0.1,beta,"{'a': 1.0, 'b': 1.0}",-0.0,1.0732,0.0035,1.0736,0.0619
10000,0.1,beta,"{'a': 2.0, 'b': 2.0}",0.0,1.6657,-0.0104,1.6661,0.4426
10000,0.1,beta,"{'a': 4.0, 'b': 4.0}",0.0001,2.6467,0.0003,2.6471,0.7123
10000,0.1,chisquare,{'df': 2},1.9865,0.0249,-0.0003,0.0253,0.0121
10000,0.1,chisquare,{'df': 8},0.9973,0.0062,-0.0015,0.0066,0.0289
10000,0.1,chisquare,{'df': 14},0.7544,0.0035,-0.0016,0.004,0.0309
10000,0.1,chisquare,{'df': 20},0.6307,0.0026,-0.0003,0.003,0.0328
10000,0.1,gamma,"{'shape': 1.0, 'scale': 0.5}",1.8796,0.3846,-0.0013,0.3851,0.1559
10000,0.1,gamma,"{'shape': 1.0, 'scale': 2.0}",1.9865,0.0249,-0.0002,0.0253,0.0447
10000,0.1,gamma,"{'shape': 2.0, 'scale': 4.0}",1.4115,0.003,-0.0006,0.0035,0.0145
10000,0.1,gamma,"{'shape': 4.0, 'scale': 2.0}",0.9973,0.0062,-0.0004,0.0066,0.0276
10000,0.1,lognormal,"{'mean': 0.0, 'sigma': 1.0}",5.8405,0.0216,0.0,0.0222,0.0465
10000,0.1,lognormal,"{'mean': 0.0, 'sigma': 0.75}",3.199,0.0751,-0.0003,0.0757,0.0868
10000,0.1,lognormal,"{'mean': 0.0, 'sigma': 0.5}",1.6806,0.2669,-0.0006,0.2674,0.1327
10000,0.1,lognormal,"{'mean': 0.0, 'sigma': 0.25}",0.6362,1.2709,-0.0034,1.2714,0.6083
10000,0.1,t,{'df': 3},-0.0723,0.0337,0.0008,0.0344,0.0582
10000,0.1,t,{'df': 4},-0.0214,0.0497,0.0005,0.0502,0.0927
10000,0.1,t,{'df': 5},0.0055,0.06,-0.0018,0.0605,0.0855
10000,0.1,t,{'df': 6},0.0057,0.0665,0.0015,0.067,0.0586
10000,0.2,beta,"{'a': 0.5, 'b': 0.5}",0.0004,1.2122,0.0006,1.2123,0.2925
10000,0.2,beta,"{'a': 1.0, 'b': 1.0}",-0.0002,1.6222,0.0034,1.6223,0.5102
10000,0.2,beta,"{'a': 2.0, 'b': 2.0}",0.0004,2.2218,-0.0118,2.2219,1.6138
10000,0.2,beta,"{'a': 4.0, 'b': 4.0}",-0.0,2.9507,0.0031,2.9508,2.0494
10000,0.2,chisquare,{'df': 2},1.9643,0.0494,-0.0003,0.0497,0.0422
10000,0.2,chisquare,{'df': 8},0.9945,0.0124,-0.0006,0.0126,0.0291
10000,0.2,chisquare,{'df': 14},0.7532,0.0071,-0.0016,0.0073,0.0279
10000,0.2,chisquare,{'df': 20},0.63,0.0051,0.0008,0.0053,0.0321
10000,0.2,gamma,"{'shape': 1.0, 'scale': 0.5}",1.5949,0.6899,-0.0024,0.6902,0.2821
10000,0.2,gamma,"{'shape': 1.0, 'scale': 2.0}",1.9643,0.0494,-0.0004,0.0497,0.0612
10000,0.2,gamma,"{'shape': 2.0, 'scale': 4.0}",1.4095,0.0061,-0.0006,0.0064,0.0192
10000,0.2,gamma,"{'shape': 4.0, 'scale': 2.0}",0.9945,0.0124,-0.0004,0.0126,0.0242
10000,0.2,lognormal,"{'mean': 0.0, 'sigma': 1.0}",5.7864,0.0429,0.0001,0.0433,0.0518
10000,0.2,lognormal,"{'mean': 0.0, 'sigma': 0.75}",3.0952,0.1467,-0.0002,0.1471,0.0668
10000,0.2,lognormal,"{'mean': 0.0, 'sigma': 0.5}",1.4979,0.494,-0.0013,0.4944,0.193
10000,0.2,lognormal,"{'mean': 0.0, 'sigma': 0.25}",0.392,1.8401,-0.0056,1.8403,0.478
10000,0.2,t,{'df': 3},-0.0714,0.0669,0.0007,0.0675,0.0491
10000,0.2,t,{'df': 4},-0.0213,0.0982,0.0003,0.0984,0.074
10000,0.2,t,{'df': 5},0.0057,0.1176,-0.0021,0.1179,0.0362
10000,0.2,t,{'df': 6},0.0057,0.1302,0.002,0.1305,0.071
10000,0.3,beta,"{'a': 0.5, 'b': 0.5}",0.0008,1.3955,0.0007,1.3956,0.7867
10000,0.3,beta,"{'a': 1.0, 'b': 1.0}",-0.0003,1.7307,0.0047,1.7307,20.1395
10000,0.3,beta,"{'a': 2.0, 'b': 2.0}",0.0006,2.1428,-0.0091,2.1428,0.5303
10000,0.3,beta,"{'a': 4.0, 'b': 4.0}",-0.0001,2.5472,-0.0073,2.5472,0.5036
10000,0.3,chisquare,{'df': 2},1.9282,0.0733,-0.0003,0.0735,0.0447
10000,0.3,chisquare,{'df': 8},0.9899,0.0186,-0.0004,0.0188,0.0311
10000,0.3,chisquare,{'df': 14},0.7512,0.0106,-0.001,0.0108,0.0286
10000,0.3,chisquare,{'df': 20},0.6288,0.0075,0.0002,0.0077,0.0334
10000,0.3,gamma,"{'shape': 1.0, 'scale': 0.5}",1.2556,0.8827,-0.0016,0.883,0.2185
10000,0.3,gamma,"{'shape': 1.0, 'scale': 2.0}",1.9282,0.0733,-0.0004,0.0735,0.038
10000,0.3,gamma,"{'shape': 2.0, 'scale': 4.0}",1.4062,0.0093,-0.0009,0.0094,0.0197
10000,0.3,gamma,"{'shape': 4.0, 'scale': 2.0}",0.9899,0.0186,-0.0004,0.0188,0.0215
10000,0.3,lognormal,"{'mean': 0.0, 'sigma': 1.0}",5.6976,0.0635,-0.0001,0.064,0.0515
10000,0.3,lognormal,"{'mean': 0.0, 'sigma': 0.75}",2.9338,0.2122,-0.0004,0.2125,0.0529
10000,0.3,lognormal,"{'mean': 0.0, 'sigma': 0.5}",1.2584,0.6595,0.0001,0.6598,0.2099
10000,0.3,lognormal,"{'mean': 0.0, 'sigma': 0.25}",0.2223,1.8904,0.0011,1.8905,1.263
10000,0.3,t,{'df': 3},-0.0697,0.0988,0.0007,0.0994,0.0704
10000,0.3,t,{'df': 4},-0.0208,0.1438,0.0001,0.144,0.0631
10000,0.3,t,{'df': 5},0.0059,0.1712,-0.002,0.1714,0.0488
10000,0.3,t,{'df': 6},0.0055,0.189,0.0021,0.1892,0.0857
10000,0.4,beta,"{'a': 0.5, 'b': 0.5}",0.001,1.4037,0.0006,1.4037,0.8488
10000,0.4,beta,"{'a': 1.0, 'b': 1.0}",-0.0004,1.6435,0.0034,1.6436,0.3675
10000,0.4,beta,"{'a': 2.0, 'b': 2.0}",0.0007,1.9048,-0.0084,1.9048,0.3198
10000,0.4,beta,"{'a': 4.0, 'b': 4.0}",-0.0002,2.1302,-0.0137,2.1302,0.4539
10000,0.4,chisquare,{'df': 2},1.8796,0.0961,-0.0003,0.0963,0.029
10000,0.4,chisquare,{'df': 8},0.9834,0.0247,-0.0015,0.0248,0.0219
10000,0.4,chisquare,{'df': 14},0.7484,0.0142,-0.0009,0.0143,0.0303
10000,0.4,chisquare,{'df': 20},0.6272,0.01,0.0005,0.0101,0.0342
10000,0.4,gamma,"{'shape': 1.0, 'scale': 0.5}",0.9475,0.976,-0.0013,0.9761,0.8968
10000,0.4,gamma,"{'shape': 1.0, 'scale': 2.0}",1.8796,0.0961,-0.0004,0.0963,0.0531
10000,0.4,gamma,"{'shape': 2.0, 'scale': 4.0}",1.4015,0.0123,-0.0008,0.0125,0.0127
10000,0.4,gamma,"{'shape': 4.0, 'scale': 2.0}",0.9834,0.0247,-0.0017,0.0248,0.0305
10000,0.4,lognormal,"{'mean': 0.0, 'sigma': 1.0}",5.5769,0.0834,-0.0001,0.0839,0.0475
10000,0.4,lognormal,"{'mean': 0.0, 'sigma': 0.75}",2.7302,0.2695,-0.0002,0.2698,0.0879
10000,0.4,lognormal,"{'mean': 0.0, 'sigma': 0.5}",1.0157,0.762,-0.001,0.7622,0.1989
10000,0.4,lognormal,"{'mean': 0.0, 'sigma': 0.25}",0.1285,1.7491,0.0041,1.7491,0.6551
10000,0.4,t,{'df': 3},-0.0673,0.1288,0.0007,0.1295,0.0598
10000,0.4,t,{'df': 4},-0.0201,0.1855,0.0004,0.1857,0.0757
10000,0.4,t,{'df': 5},0.0059,0.2194,-0.0017,0.2195,0.0686
10000,0.4,t,{'df': 6},0.0053,0.2413,0.0014,0.2415,0.0933
10000,0.5,beta,"{'a': 0.5, 'b': 0.5}",0.0011,1.3335,0.0009,1.3335,0.0976
10000,0.5,beta,"{'a': 1.0, 'b': 1.0}",-0.0004,1.4996,0.0027,1.4997,0.0624
10000,0.5,beta,"{'a': 2.0, 'b': 2.0}",0.0007,1.6667,-0.0076,1.6667,0.2237
10000,0.5,beta,"{'a': 4.0, 'b': 4.0}",-0.0002,1.8,-0.0103,1.8,0.3823
10000,0.5,chisquare,{'df': 2},1.8201,0.1177,-0.0004,0.1178,0.0426
10000,0.5,chisquare,{'df': 8},0.9753,0.0308,-0.0006,0.0308,0.0256
10000,0.5,chisquare,{'df': 14},0.7449,0.0177,-0.0016,0.0178,0.0306
10000,0.5,chisquare,{'df': 20},0.6251,0.0125,0.0005,0.0126,0.0325
10000,0.5,gamma,"{'shape': 1.0, 'scale': 0.5}",0.703,1.0003,-0.0014,1.0004,0.0909
10000,0.5,gamma,"{'shape': 1.0, 'scale': 2.0}",1.8201,0.1177,-0.0003,0.1178,0.034
10000,0.5,gamma,"{'shape': 2.0, 'scale': 4.0}",1.3956,0.0154,-0.0009,0.0155,0.0226
10000,0.5,gamma,"{'shape': 4.0, 'scale': 2.0}",0.9753,0.0308,-0.0008,0.0308,0.0245
10000,0.5,lognormal,"{'mean': 0.0, 'sigma': 1.0}",5.4279,0.1023,-0.0001,0.1028,0.0504
10000,0.5,lognormal,"{'mean': 0.0, 'sigma': 0.75}",2.501,0.3175,-0.0002,0.3179,0.0969
10000,0.5,lognormal,"{'mean': 0.0, 'sigma': 0.5}",0.8015,0.8131,-0.0002,0.8132,0.7402
10000,0.5,lognormal,"{'mean': 0.0, 'sigma': 0.25}",0.0781,1.5689,-0.0119,1.5689,0.581
10000,0.5,t,{'df': 3},-0.0644,0.1564,0.0008,0.1572,0.0539
10000,0.5,t,{'df': 4},-0.0191,0.2226,0.0004,0.2228,0.0904
10000,0.5,t,{'df': 5},0.006,0.2612,-0.0018,0.2614,0.0759
10000,0.5,t,{'df': 6},0.0049,0.2861,0.0015,0.2862,0.0804
10000,0.6,beta,"{'a': 0.5, 'b': 0.5}",0.0011,1.2372,0.001,1.2372,0.1973
10000,0.6,beta,"{'a': 1.0, 'b': 1.0}",-0.0003,1.3531,0.0029,1.3531,0.1549
10000,0.6,beta,"{'a': 2.0, 'b': 2.0}",0.0006,1.4635,-0.0064,1.4635,0.1918
10000,0.6,beta,"{'a': 4.0, 'b': 4.0}",-0.0002,1.5473,-0.002,1.5473,0.4023
10000,0.6,chisquare,{'df': 2},1.7514,0.1376,-0.0004,0.1377,0.0272
10000,0.6,chisquare,{'df': 8},0.9654,0.0367,-0.0008,0.0367,0.0323
10000,0.6,chisquare,{'df': 14},0.7406,0.0211,-0.0026,0.0212,0.0308
10000,0.6,chisquare,{'df': 20},0.6225,0.0149,-0.0002,0.015,0.0325
10000,0.6,gamma,"{'shape': 1.0, 'scale': 0.5}",0.5212,0.9839,-0.0007,0.984,0.729
10000,0.6,gamma,"{'shape': 1.0, 'scale': 2.0}",1.7514,0.1376,-0.0006,0.1377,0.0526
10000,0.6,gamma,"{'shape': 2.0, 'scale': 4.0}",1.3885,0.0185,-0.0008,0.0185,0.0138
10000,0.6,gamma,"{'shape': 4.0, 'scale': 2.0}",0.9654,0.0367,-0.0004,0.0367,0.0336
10000,0.6,lognormal,"{'mean': 0.0, 'sigma': 1.0}",5.2545,0.12,-0.0,0.1206,0.0497
10000,0.6,lognormal,"{'mean': 0.0, 'sigma': 0.75}",2.2616,0.3561,-0.0002,0.3564,0.1659
10000,0.6,lognormal,"{'mean': 0.0, 'sigma': 0.5}",0.6264,0.8276,-0.0002,0.8277,1.4518
10000,0.6,lognormal,"{'mean': 0.0, 'sigma': 0.25}",0.05,1.3996,-0.01,1.3996,0.4634
10000,0.6,t,{'df': 3},-0.061,0.1815,0.0009,0.1823,0.0714
10000,0.6,t,{'df': 4},-0.0181,0.2547,0.0001,0.2549,0.1012
10000,0.6,t,{'df': 5},0.0059,0.2964,-0.0017,0.2965,0.0981
10000,0.6,t,{'df': 6},0.0046,0.3229,0.0017,0.323,0.1446
10000,0.7,beta,"{'a': 0.5, 'b': 0.5}",0.001,1.1383,0.0007,1.1383,0.1334
10000,0.7,beta,"{'a': 1.0, 'b': 1.0}",-0.0003,1.2206,0.0038,1.2207,0.0775
10000,0.7,beta,"{'a': 2.0, 'b': 2.0}",0.0006,1.2963,-0.0095,1.2964,0.1815
10000,0.7,beta,"{'a': 4.0, 'b': 4.0}",-0.0002,1.3519,-0.0017,1.3519,0.4791
10000,0.7,chisquare,{'df': 2},1.6757,0.1559,-0.0003,0.156,0.0672
10000,0.7,chisquare,{'df': 8},0.954,0.0425,-0.0004,0.0425,0.0238
10000,0.7,chisquare,{'df': 14},0.7356,0.0246,-0.0004,0.0246,0.033
10000,0.7,chisquare,{'df': 20},0.6195,0.0174,0.0008,0.0174,0.0307
10000,0.7,gamma,"{'shape': 1.0, 'scale': 0.5}",0.3896,0.9462,-0.0012,0.9462,0.3625
10000,0.7,gamma,"{'shape': 1.0, 'scale': 2.0}",1.6757,0.1559,-0.0005,0.156,0.051
10000,0.7,gamma,"{'shape': 2.0, 'scale': 4.0}",1.3801,0.0215,-0.0007,0.0215,0.0187
10000,0.7,gamma,"{'shape': 4.0, 'scale': 2.0}",0.954,0.0425,-0.0016,0.0425,0.0314
10000,0.7,lognormal,"{'mean': 0.0, 'sigma': 1.0}",5.0612,0.1364,0.0,0.137,0.0313
10000,0.7,lognormal,"{'mean': 0.0, 'sigma': 0.75}",2.0244,0.3857,-0.0001,0.3859,0.0907
10000,0.7,lognormal,"{'mean': 0.0, 'sigma': 0.5}",0.4893,0.8187,0.0003,0.8188,0.9233
10000,0.7,lognormal,"{'mean': 0.0, 'sigma': 0.25}",0.0336,1.2529,-0.0092,1.2529,0.5248
10000,0.7,t,{'df': 3},-0.0572,0.2036,0.0007,0.2045,0.0654
10000,0.7,t,{'df': 4},-0.0169,0.2816,-0.0001,0.2818,0.1566
10000,0.7,t,{'df': 5},0.0058,0.3249,-0.0018,0.325,0.1277
10000,0.7,t,{'df': 6},0.0042,0.3521,0.0015,0.3522,0.1339
10000,0.8,beta,"{'a': 0.5, 'b': 0.5}",0.001,1.0458,0.001,1.0458,0.0673
10000,0.8,beta,"{'a': 1.0, 'b': 1.0}",-0.0003,1.1057,0.0039,1.1058,0.1459
10000,0.8,beta,"{'a': 2.0, 'b': 2.0}",0.0005,1.1595,-0.0083,1.1595,0.2039
10000,0.8,beta,"{'a': 4.0, 'b': 4.0}",-0.0002,1.198,-0.0053,1.198,0.7263
10000,0.8,chisquare,{'df': 2},1.5949,0.1725,-0.0003,0.1726,0.0571
10000,0.8,chisquare,{'df': 8},0.9411,0.0481,-0.0005,0.0481,0.0301
10000,0.8,chisquare,{'df': 14},0.7298,0.0279,-0.0019,0.028,0.0276
10000,0.8,chisquare,{'df': 20},0.6161,0.0198,0.0002,0.0198,0.0323
10000,0.8,gamma,"{'shape': 1.0, 'scale': 0.5}",0.295,0.8991,-0.0007,0.8991,0.3246
10000,0.8,gamma,"{'shape': 1.0, 'scale': 2.0}",1.5949,0.1725,-0.0004,0.1726,0.0681
10000,0.8,gamma,"{'shape': 2.0, 'scale': 4.0}",1.3705,0.0244,-0.0008,0.0245,0.0181
10000,0.8,gamma,"{'shape': 4.0, 'scale': 2.0}",0.9411,0.0481,-0.0014,0.0481,0.0257
10000,0.8,lognormal,"{'mean': 0.0, 'sigma': 1.0}",4.8526,0.1515,-0.0,0.152,0.022
10000,0.8,lognormal,"{'mean': 0.0, 'sigma': 0.75}",1.7983,0.4071,-0.0002,0.4073,0.116
10000,0.8,lognormal,"{'mean': 0.0, 'sigma': 0.5}",0.3841,0.796,-0.0007,0.7961,0.4885
10000,0.8,lognormal,"{'mean': 0.0, 'sigma': 0.25}",0.0235,1.1288,-0.0043,1.1288,0.8807
10000,0.8,t,{'df': 3},-0.0531,0.223,0.0008,0.2238,0.0093
10000,0.8,t,{'df': 4},-0.0157,0.3036,0.0,0.3037,0.1298
10000,0.8,t,{'df': 5},0.0057,0.3471,-0.0017,0.3472,0.0363
10000,0.8,t,{'df': 6},0.0037,0.3741,0.0015,0.3742,0.0967
